,Los Angeles,San Francisco,San Diego,Las Vegas,Phoenix,Seattle,Denver,Miami,New York,Chicago,Boston,Washington DC
1987-01-01,59.426224372887,46.955792489659,54.794111508964,66.418965974074,,,50.348016973033,68.547904803047,74.678440161608,54.206478764314,70.266973096972,64.410215062128
1987-02-01,59.894860887982,47.302674799206,55.215118533473,67.574198332082,,,50.160468135396,68.919118886508,76.043687003134,55.227274135326,70.640677975989,65.132330619397
1987-03-01,60.401073202107,47.840212928966,55.487803264105,67.850131705622,,,50.383477855699,69.388051991249,77.237075313105,54.811034097686,71.046773504037,65.997852810846
1987-04-01,61.324333701668,47.984057701756,56.049778406565,68.186064200355,,,50.744627537595,69.46346089881,78.281526875582,54.801947384645,71.41157143055,66.638734303829
1987-05-01,62.030914554604,48.305065129391,56.4620986304,67.927091163572,,,50.763537884962,69.746282258685,79.675330593957,55.477466174028,71.882710791649,67.444725631397
1987-06-01,62.776563627558,48.605786861179,56.787555534304,66.799394459721,,,50.432334947245,69.47376118996,80.839801590225,56.059766704256,72.295931836365,68.516923450951
1987-07-01,63.456109467963,49.084565779988,57.075956261706,65.762941096309,,,50.203942887787,69.641667391394,81.695066988832,57.109366529394,72.620964407765,69.387165324854
1987-08-01,64.130622681704,49.542592009624,57.380247366171,65.031976789191,,,50.12122157841,69.804720549259,82.220057957436,57.612209398831,73.162915823632,70.25445289451
1987-09-01,64.893627017966,50.2412878147,57.843330978825,65.276941395734,,,50.058281241182,70.567759665368,82.38397594988,58.270367998261,73.748812848762,71.395733637266
1987-10-01,65.771604204534,50.992698180037,58.295686249381,65.511715904132,,,50.146078705334,71.020230134941,83.1564060951,59.006378880118,74.006600741264,72.318104192893
1987-11-01,66.712553785063,51.641130556382,58.901274039166,66.530241983856,,,49.733600569423,71.424939302393,83.677331332263,59.71248845492,74.418068197246,73.15863879252
1987-12-01,67.777701225837,52.229110582827,59.404457132088,66.491946790415,,,49.854955487806,71.458437196466,84.501347807948,61.075387998962,74.579602213844,73.585563003333
1988-01-01,68.776913486226,52.702836164853,60.018417654184,66.696703025193,,,49.550737186134,71.67894585036,84.32173033799,61.972436579441,74.661236504516,74.40191447737
1988-02-01,69.710973249793,53.19983707037,60.490285698618,66.427375529727,,,49.494751812424,71.827968544959,84.491178585526,63.446484922667,74.589350170404,75.287983419035
1988-03-01,70.699179213309,53.866209706254,61.284490173589,66.76148149774,,,49.061297081922,72.345565907163,84.4767247223,64.508605749028,74.477838641761,76.394745590772
1988-04-01,71.484283242549,54.534047187591,61.444261953922,67.434814732483,,,48.739809653865,72.718773914751,84.69031883261,65.151433283635,74.526752213719,77.301874031588
1988-05-01,72.477087842475,56.067376742114,61.845204894245,67.583410875069,,,48.349981739708,73.102562089518,84.762427084387,65.571985529543,74.812447841249,78.379850438605
1988-06-01,74.385978746685,57.881818387134,61.443358227198,67.527624383554,,,48.172998088543,73.711999156957,84.59877172814,66.464007912674,75.003557596965,79.340788798041
1988-07-01,76.921119784362,58.174426410619,64.588123450727,67.651741711631,,,48.224771559024,74.107818359332,84.503519630325,66.551697212951,75.031897232132,80.775112487385
1988-08-01,78.668049203959,58.496884961534,65.29032798379,67.946989082143,,,48.248068086842,74.682316064153,84.593564561931,67.751500225487,74.841146976079,81.928750222157
1988-09-01,80.607493051203,58.936924509437,66.079327558333,68.462385333928,,,48.213180156361,75.248978814323,84.576220953035,68.024818814638,74.710395286433,83.157659202406
1988-10-01,82.38093389714,59.950319222301,67.175760420832,68.461015614164,,,48.03303688267,75.59607437572,84.479214867618,69.034958960806,74.600365035231,83.674242436366
1988-11-01,84.412820454304,61.105586443502,68.42762614788,68.138213766692,,,47.748891408483,75.959227661067,84.490912774117,68.646142613058,74.638646200691,84.632639431778
1988-12-01,85.818187360939,62.465814159288,69.831435499985,67.827773574614,,,47.435571182593,76.219005425927,84.375028164188,68.511499583173,74.695278149114,85.928526091817
1989-01-01,87.473249752018,63.288489841423,71.172723813049,68.782847588069,67.567862361537,,47.46956845569,76.582983197241,84.482418267931,68.329908988505,74.519854100307,86.868957425478
1989-02-01,88.773031689686,64.057740522953,72.762942815842,69.643675349618,67.621024998193,,47.452369289031,76.993996162073,84.265988249707,69.008791673665,75.167315117021,87.802266628933
1989-03-01,91.147471885143,65.561702975651,74.482881700342,70.479598235808,67.923986331763,,47.529437497849,77.175580516431,84.194661618621,70.07448940017,75.554839658379,88.618967947876
1989-04-01,93.012292432264,66.696525836939,75.805259800236,69.997251679935,67.965016446797,,47.465422175972,77.548665456198,83.880870601963,70.654160787311,75.394137513422,89.325237473086
1989-05-01,94.569356609117,67.703283862443,77.050349538929,69.788148150651,68.068567158499,,47.596805997338,77.567304584092,83.494248625313,70.505418547233,75.04304898479,89.777126806029
1989-06-01,95.513464676594,68.784367143576,78.136649148959,71.554146624087,67.695913886388,,47.605390164301,77.80834046888,82.946585279352,70.521771318217,74.515993895516,90.203212837755
1989-07-01,96.252043336757,69.591281163585,79.030233996995,71.771789477372,67.340460473657,,47.503181907147,78.042408857569,82.171286374768,70.328441523671,74.181272975065,90.707731394091
1989-08-01,96.662389331713,70.715737930033,80.09519053579,72.390032034921,66.947644139751,,47.482249288599,78.259921135432,81.93614834383,70.373904706837,73.435156330382,91.365157786709
1989-09-01,97.199709123017,71.591640114021,81.10219655797,72.789639111218,66.822681487568,,47.600660197091,78.250320730112,81.537176077352,70.179456740637,73.010419195563,91.927281744565
1989-10-01,97.879710708064,72.42559090074,82.059979109383,73.461649940195,66.560192291078,,47.896674288044,78.378224437159,81.788161142493,70.061396164745,72.716885259575,92.190256823409
1989-11-01,98.996461922805,73.015228797766,82.709104172802,74.263729119864,66.493720319043,,48.109732188972,78.323958458831,81.550345495022,69.870097308304,72.991134302595,92.382465870594
1989-12-01,99.770236337545,73.394917535224,83.572869701605,74.861579716074,66.501088244971,,48.213369924984,78.722797677161,81.343846806456,69.679116566779,73.000867108029,92.840752653287
1990-01-01,100.471192542084,73.64250639981,84.078260311918,75.558653223393,66.579708053952,58.885274469364,48.239664413022,79.166098223428,81.035003280918,69.355887352758,73.096791055138,93.362854790073
1990-02-01,100.761571664179,73.822604210509,84.737413089852,75.636734400692,66.70474737712,60.961883083283,48.363972992046,79.66911513911,80.982861072749,68.700554103694,72.873304404931,93.664526485478
1990-03-01,100.992837858712,74.595008943752,85.126856958761,76.598430347795,66.639999390122,62.952979796023,48.495972483427,79.534698139609,80.807714425707,68.904077172591,72.192550651226,93.605137871673
1990-04-01,100.990409690348,75.065394671585,85.54542223527,77.265390556896,66.780148738879,65.457155581395,48.520754773326,79.443802154379,80.213069716589,69.475721318635,71.646704569176,93.585533952808
1990-05-01,100.394583324956,75.020094313203,85.737950256044,77.852654092895,66.593508796513,66.55340781613,48.469482739764,79.681575650723,79.553567470686,69.995388098706,70.693405255139,93.112160836965
1990-06-01,100.111046094827,74.588360073491,85.748846699764,78.729670924218,66.601270764563,67.423451408943,48.579998664593,79.857221946048,78.93322447063,70.250853448,69.99001571505,92.633770173456
1990-07-01,99.50556921725,74.048470600153,85.594142202546,79.645367003111,66.395290506509,67.577939577037,48.655078272642,80.033313589206,78.295666051317,70.662210322415,69.355063544342,92.227285191533
1990-08-01,99.046182758374,73.752474923917,85.335202010493,80.575611844545,66.257703212767,67.853113652546,48.673423097832,79.868441523269,77.55018300435,70.57985411821,68.904851733195,91.841703002998
1990-09-01,98.42543958883,73.482384079979,85.222220741618,81.003717906465,65.941575076766,67.511371559756,48.757104014734,79.674455352144,76.67560321577,70.944463269165,68.604140318914,91.431715243863
1990-10-01,98.001446077748,72.906601014228,84.924635780537,81.548638161054,65.808725907122,67.254706904409,48.665677831405,79.438335524112,76.312268991308,70.717546308451,68.084325546424,91.25676104302
1990-11-01,97.113871975364,72.374808079286,84.653962064327,81.376191385483,65.382224193521,66.931755227064,48.753452315321,79.547592872743,75.881827799195,70.963493106575,67.123137622016,91.005988463179
1990-12-01,96.548149711961,71.864584610222,84.032362465679,81.701491776395,65.450435426643,66.77373145202,48.733883278315,79.35179117356,75.616307367539,70.751327708631,66.191689955616,90.936942727443
1991-01-01,95.569014522668,71.935495017898,83.480959694011,81.093951831795,65.280263975656,66.256835200589,48.939665414922,79.023788635788,74.743409131353,70.83917886986,65.310446035637,89.706871111636
1991-02-01,94.704202772726,71.126390495706,82.564157267693,82.056023621869,65.481327385711,65.609302425747,48.981098239316,78.721980176152,74.109524873599,71.098314117877,64.750964880528,89.264610069683
1991-03-01,93.772605852127,70.608208473745,81.597500188302,82.154052786428,64.791035751013,65.131510750407,49.05964807416,78.728000187651,73.579182833191,70.944704744192,64.450874857502,88.211115476607
1991-04-01,93.741727699239,69.909268219997,81.207322878856,82.238534108202,64.63118700516,65.4515686307,49.305171163072,78.741813054702,73.054447275017,71.235726544847,64.033080564764,87.92178151914
1991-05-01,93.909246938354,70.010559087293,81.534367003836,82.348767170296,64.511732849127,65.751311125732,49.551076528459,78.238096012113,73.087625083292,71.395643970048,64.085668262645,88.651272684985
1991-06-01,94.062812305752,70.281337873902,81.886580307851,82.265142891425,64.926693908073,66.070174048999,49.894683086387,78.52127945349,73.457914387464,71.318992408205,64.062780680338,88.93663737249
1991-07-01,94.284567572328,70.657607305599,82.104719118326,83.342387234687,65.318187540854,66.248775116934,50.329776025559,78.6332319141,73.91089357133,71.583216907173,64.012165294134,88.994544983551
1991-08-01,94.258301890952,70.827749155304,81.936632965666,83.639620251366,65.560118965475,66.341337880004,50.509570258443,79.385426856438,74.242967822576,71.791678935147,64.096247252923,88.612423362967
1991-09-01,94.092211560985,70.822434169763,81.661364224228,84.860308473345,65.739003301403,66.407305375154,50.654485411482,79.067008123378,74.386948951975,71.966358151603,64.136217546037,88.487828099574
1991-10-01,93.875060982372,70.712370531997,81.661919902755,82.987172418834,65.719170719173,66.165669897193,50.827988203593,79.099757349693,74.563429989875,72.181066314489,64.106586996393,88.424866179811
1991-11-01,93.470219894743,70.534379608245,81.452928257396,81.583821348016,66.07614995929,66.177256304774,51.043581485137,79.069901347271,74.617136240718,72.372109231549,63.863101419866,88.672204952374
1991-12-01,93.136478276169,70.450289315219,81.335169726732,82.826974527514,66.043468471556,66.083728662113,51.324706423134,78.982072753502,74.768017506565,73.013735091813,63.806676874379,88.471088859354
1992-01-01,92.786925645956,70.395201897459,80.863439340056,83.041795535553,66.037345449531,66.321331647817,51.522702472003,79.025436628434,74.757148544369,73.42500636658,63.559357249922,88.573806947607
1992-02-01,92.571237399173,70.339553394024,80.569120670394,83.499209585777,66.069205422364,66.482695063313,52.28345304495,78.658817060561,74.815591167371,73.718317035757,63.560265390998,88.222298188387
1992-03-01,91.911465094985,70.194740615702,80.69215834154,83.117561687611,66.109310754089,66.812347404339,53.066809672452,78.933361509623,74.955494925488,73.891724711458,63.811482784671,88.642353283669
1992-04-01,91.44047124402,69.685742447234,80.684120644185,83.007116285885,66.089326752363,67.241333033323,53.576005653264,79.167248711238,75.16757144387,73.225758262343,64.40079349479,88.840926541215
1992-05-01,90.86829045145,69.729028078968,80.451807716495,83.211338184888,66.144019789787,67.296741432862,53.798917034751,79.659299421176,75.151596794782,73.419645392338,64.351090305386,88.981015897805
1992-06-01,90.166354772597,69.488896994116,79.914573322156,83.13142393756,66.13144627989,67.317627731962,53.947765820591,79.78796918993,75.056733825086,74.13148230411,64.147331444049,88.869001639292
1992-07-01,89.488158894252,69.272296933188,79.57095530378,82.766510798662,66.096228503721,67.319755183292,54.137494689613,78.059150215419,74.963974260055,74.900438996274,63.940288865897,88.500412551788
1992-08-01,88.928163697592,68.962557682595,79.267707492291,82.399312831067,66.168509453468,67.112134412596,54.393270644796,77.819686721499,75.10610663539,74.978006341051,63.966683788035,88.482197227461
1992-09-01,88.31917895943,68.805481403286,79.036472365035,82.47270589754,66.24074249023,66.897342775832,54.715963830769,77.45863857925,75.085899319773,75.234983548903,63.904673928442,88.405755509519
1992-10-01,87.357473840715,68.827788540346,78.155312184552,82.959150787508,66.433046751568,67.429669153123,54.816603622324,79.334934722585,75.052895301649,75.545505439162,64.030072725044,88.591012565261
1992-11-01,86.642983711575,68.74531671925,77.924294300478,83.307226340128,66.495500799311,67.591205597296,55.24260324458,79.50046883336,75.193152219058,75.910743673766,64.033289634589,88.671207164109
1992-12-01,85.815592878235,68.583940827304,77.483536642613,82.892905506394,66.680289774515,67.850245183886,55.599695773995,79.846259109272,75.401211162707,75.848620240965,64.468249445306,88.812353258711
1993-01-01,85.246295188478,68.450963787866,77.652832499009,82.564648199372,66.872847716268,68.208416828665,56.127034746526,79.851250909066,75.740987269896,76.011974265424,64.861494848463,89.065117790057
1993-02-01,84.660704673097,68.29010068161,76.991263521795,83.008771390112,67.022274593254,68.64578967657,56.432683580732,80.042719874804,75.887380715768,76.008640130312,64.949814242107,89.279574126772
1993-03-01,83.616114768195,68.065505641609,76.620608559896,83.201027633669,67.367357135996,68.787063585699,56.95378694319,80.019726147497,75.987702851464,76.215453658693,64.823541633916,89.438541118548
1993-04-01,82.79206094128,67.991240829272,75.910941693942,82.79883295042,67.526827642672,68.288655411544,57.147277150246,80.330492467144,76.068588700716,76.324601271516,64.70848633081,88.941327000805
1993-05-01,82.042899043265,67.761870348864,75.546371854043,81.961209842704,67.851772111279,67.864609421788,57.565075957408,80.957980497886,76.143127402732,76.692507039792,64.83481835626,88.481882772683
1993-06-01,81.42818087496,67.473263100901,75.051297121338,81.919559885568,67.98978857639,67.577121222505,58.179876597244,81.348781338838,76.330199924209,77.293236726446,65.145055508797,88.649592405138
1993-07-01,80.566796072515,66.931306383552,74.486656204491,81.992969483601,68.295774713549,67.546801682055,58.809817471967,81.797619900499,76.316949817936,77.548808388678,65.518291149297,88.817754395364
1993-08-01,79.482712739513,66.951066896822,74.182396802583,82.397914710475,68.446558556985,68.009811346864,59.53391322993,82.027202552035,76.275551769782,77.627673985173,65.732347732081,88.924336636499
1993-09-01,79.045258619042,66.83162536459,74.270598252337,82.876776594562,68.989920243404,68.723599504322,60.141203069725,82.354517276373,76.333497243493,77.812339234676,65.848089354792,88.794694015355
1993-10-01,78.382411944574,66.772023833777,74.259585028663,83.142291487147,69.290030909353,69.151281628102,60.842266070443,82.614146899021,76.501850486559,78.112284307862,65.884428874467,88.622472705437
1993-11-01,78.230524044683,66.724370375363,74.305430337266,83.740228718886,69.796166984427,69.658695032057,61.429606784837,82.47747675774,76.73839144388,78.426133588848,66.223636862623,88.50734274433
1993-12-01,77.572213624362,66.630978472182,74.106094934184,83.796499229703,70.126537706237,69.902747984533,62.243346655213,82.714224244342,76.803945100463,79.106541723644,66.517025638746,88.835724434291
1994-01-01,77.395051806263,66.634809327063,74.270209353312,83.972790079243,70.598597984328,70.566800317899,62.819176537005,83.360830722896,76.84823089472,80.194479457187,66.818000358273,88.98846669932
1994-02-01,77.444378592746,66.648560751433,74.107179972864,83.755346377544,71.027758442998,70.408848403813,63.479289506351,84.349337595674,76.910181231224,80.170725614409,67.067877464318,89.021173073609
1994-03-01,77.2626512787,67.321860803324,74.014579960736,84.077168279728,71.429347723984,70.383237843749,63.9400281396,85.173859406306,77.239517703974,80.079418851644,67.468920183216,89.305351647675
1994-04-01,77.085423669947,67.418577154546,74.020443722033,84.400487798782,71.915447119019,70.655666476208,64.548828803286,85.074728526409,77.59430173003,80.204889035997,68.026223076839,89.481146129357
1994-05-01,76.665131947414,67.537251642477,74.247316814001,85.440746566,72.216243203242,71.222028390643,65.046303657052,85.060853529024,77.967216750843,80.56874539076,67.930910460906,89.789237651613
1994-06-01,76.435033965188,67.612727606077,74.441342063608,85.927488802309,72.48424118144,71.40606555492,65.605165075368,85.288668321753,78.058275278435,80.615509703415,68.127174979411,90.091046741896
1994-07-01,76.409828610259,67.640450476334,74.553319982729,86.294181209115,72.866681606699,71.484649800218,65.962319398051,85.646545472114,78.241292547111,80.659729532245,68.16303369079,90.180551490405
1994-08-01,76.409722543401,67.68213571288,74.189142422846,86.069530981716,73.268605295014,71.368373776085,66.298226898888,85.998049958335,78.34212842869,80.910095881877,68.28706101355,90.079346765193
1994-09-01,76.434335694401,67.543090425272,73.705265479984,86.174940366109,73.767008252598,71.471480782145,66.515389975538,86.164271269212,78.414610879372,81.175846618793,68.441925348089,90.054675807128
1994-10-01,76.54724474947,67.793425394955,73.734261292884,86.278892085555,74.143968261989,71.696273430135,66.85554047076,86.257396191721,78.445651862132,81.617259091016,68.65591819931,90.035422981318
1994-11-01,76.468887153379,68.050658243355,73.457199619706,86.542565864205,74.453513599447,72.002953152672,67.183663784468,86.516800825641,78.380352144551,81.715648139792,68.791136358461,90.135949819786
1994-12-01,76.394235647031,68.311636449949,73.442733901014,87.223705612212,74.901614620564,72.120024671724,67.574831072824,86.835601051644,78.490560277924,81.860945831882,68.780349612432,89.947783173567
1995-01-01,76.376389227775,68.415407068538,73.052337382584,87.317281761647,75.215264594661,72.504317045724,67.954910875224,86.919985499859,78.569287017287,81.883233693952,68.793549688582,89.670302828454
1995-02-01,76.022727005498,68.321342239409,73.16378029687,87.592085904903,75.59570634016,72.003733763157,68.310420575179,86.712294498446,78.783145503826,82.154192483379,69.012339429608,89.604139810256
1995-03-01,75.775651592133,67.725239463389,73.000537954076,87.740115910581,75.670279995108,71.962749773895,68.600788878136,86.753908126271,78.567125787586,82.281548161012,69.125581353012,89.398265326334
1995-04-01,75.356665490465,67.406391721648,72.922918173819,88.26537889182,75.924173270871,71.551761126113,68.73458186223,86.70807023847,78.445752105467,82.346761257353,68.981090052806,89.127876554949
1995-05-01,75.117776591295,67.105979912228,72.525637212438,88.146181165789,76.217662631442,71.567408419913,69.155565895031,86.816216347736,78.43491223775,82.316163884176,69.093520151125,88.934263703975
1995-06-01,74.5554659869,66.921254162452,72.10048851962,88.029336591529,76.789541305139,71.434472711757,69.374440357872,86.962121064989,78.431816277379,82.51724796879,69.389104766773,88.669538819667
1995-07-01,74.500037177891,66.964520957544,72.090634778131,87.917086622111,77.143209342618,71.975907073475,69.818298659125,86.954284841675,78.453182301695,82.846516382263,69.696546822923,88.566820532807
1995-08-01,74.280367802712,67.01859363472,72.140605636654,88.329628516259,77.449885196878,72.338848080496,70.163105805561,87.264412474603,78.436776947182,83.109243623071,70.025862836266,88.649102424829
1995-09-01,74.191166312745,67.107895846944,72.189401944236,88.648191215026,77.601536850131,72.608045933514,70.699941178652,87.237140468263,78.50593284525,83.428629913636,70.124278964347,88.796482485643
1995-10-01,74.087425525619,66.97134681864,72.105624126716,88.917601755676,78.022601448343,72.804775887168,71.059297038001,87.446396247114,78.671245206344,83.512437887823,70.142451802033,88.757638472516
1995-11-01,74.029067507491,66.90643758636,71.703483477161,89.008100306536,78.392807668682,72.956880774823,71.356712129889,87.391939440985,78.744808626285,83.875639085042,70.112224122736,88.648811308736
1995-12-01,73.936945892411,66.849720740999,71.810806583265,89.12769002038,78.861034372168,73.237655425968,71.635577469448,87.515044955295,78.854899482344,83.959509579233,70.266057533426,88.639470375612
1996-01-01,73.919989181951,66.877716280049,71.891405070585,89.186293336592,79.260129386891,73.173304737231,71.736477183939,87.433193781047,78.950194966477,84.258774016567,70.680809282677,88.655368555102
1996-02-01,73.843781169875,66.904028120182,72.041064216481,89.496790147096,79.714979906532,73.278253223882,71.963807223915,87.518130980962,79.218412304539,83.91742408595,70.957170371235,88.536770388682
1996-03-01,73.855403246834,66.807687084108,71.764444832749,89.440042187517,80.078697079926,73.735319238647,72.336219467388,87.162700558199,79.501622605337,84.017461216261,71.393139614395,88.609998958972
1996-04-01,73.857371816514,66.691687183583,71.820506006128,89.773063202903,80.477154814041,73.923242839271,72.89679212279,87.344458753406,79.60855292245,84.828177892273,71.656580775798,88.872651276507
1996-05-01,73.995482394932,66.784225572072,71.963622119004,89.820533988752,80.76591520649,73.903534322151,73.32959776011,87.467333960225,79.775818252061,85.056659801859,71.81921793048,88.874643493614
1996-06-01,74.154395778128,67.015614048836,71.833957764055,90.216530078674,81.019458066146,74.005051336846,73.335057259441,87.574384376416,79.366330051409,85.21057602708,72.08398908067,88.783848032833
1996-07-01,74.113198637133,67.21614033116,71.720059756237,90.218146914129,81.338141194603,73.993624311087,73.527292173324,87.825504422506,79.430905090353,85.175260310494,72.436768515409,88.706748461083
1996-08-01,74.048387340217,67.544701696518,71.390315917552,90.106653144854,81.606924346064,74.451136536744,73.543707235411,87.842676527724,79.562913709976,85.30970788363,72.932056626954,88.643889746441
1996-09-01,73.99947214678,67.795879049717,71.705655595721,89.814148957887,81.855145981728,74.28156390124,73.895539232687,87.983185592305,79.759529837041,85.538534667267,73.017873452446,88.678576459994
1996-10-01,74.180130768821,68.260227974902,71.833716816312,89.663980184504,82.067233165916,74.680576665208,74.255800300794,87.943393954761,79.891283297928,85.812225671454,73.324347935314,88.818022957077
1996-11-01,74.418172716286,68.935062950251,72.147249226115,89.480246380644,82.299405937153,74.724470264784,74.740079638785,88.1111823107,79.916579388697,86.119846279582,73.475798496416,88.921545479521
1996-12-01,74.51555365788,69.207169889114,72.215761842742,90.142154996422,82.475997766038,75.150635124177,75.187378520852,87.998530582916,80.197635094745,86.452119616243,74.196280046331,88.673605431424
1997-01-01,74.536883605528,69.63862427636,72.560199983895,90.781719369985,82.803127149362,75.726193409433,75.389773734644,88.056231365178,80.435988769,86.519564927136,74.608487854969,88.775223909627
1997-02-01,74.402407253303,69.835337534758,72.751005892123,91.630627918836,83.179629679863,76.333770986563,75.758766465693,88.067212479792,80.594880545506,86.529694070875,74.905668244669,88.971334589363
1997-03-01,74.790604463548,70.636412829849,72.974565219072,91.91016622751,83.549296489061,76.865246412056,76.174914398487,88.340709803717,80.589764990184,86.829768475201,75.35396852935,89.336579817184
1997-04-01,75.272691796941,71.26260376358,73.248140964335,91.626513322345,83.951000610518,77.861917477251,76.585227389152,88.551713071715,80.674442121976,86.924975321635,75.725513040516,88.923039930273
1997-05-01,75.764761941991,71.791537201537,73.494720977513,91.503065682298,84.266688793608,78.779878836736,76.944191475058,88.666294784209,80.954136323282,86.888872554713,76.132557662123,88.932324023943
1997-06-01,76.192814678782,72.310462010893,74.054951022775,91.72252405,84.392875518709,79.65272631809,77.345865567655,88.75044231086,81.393611647153,86.889531000456,76.494662832145,88.97203238351
1997-07-01,76.542699753574,72.804282694144,74.415430351207,92.076639229869,84.436742514297,80.667182269215,77.803525797466,88.806387174079,81.777253494442,87.222319315121,76.753209376251,89.007967125432
1997-08-01,77.164439519797,73.573608313968,75.006296678804,92.485855350624,84.555527757516,81.108050608099,78.308693334479,88.887840758836,81.942905176522,87.563790742761,77.074229862873,89.117175712626
1997-09-01,77.555314346567,74.115102661373,75.3822283853,92.586265475159,85.027082094052,81.692275554056,78.442669631353,89.17145214369,82.061190836168,87.967002280956,77.442385031188,89.229588290909
1997-10-01,78.233058351274,75.037767993659,76.198723618232,92.887072370234,85.642202653843,82.055150835849,78.821106561443,89.592536723564,82.341913798427,88.325284594536,78.002175658088,89.544971155624
1997-11-01,78.891309854151,75.675430010752,76.733738102994,92.898326687173,86.158886373223,82.7686627027,79.333085384091,89.908230205349,82.821547926822,88.921042380134,78.618920568084,89.751684978657
1997-12-01,79.907611838401,76.499702897716,78.086751460736,93.204876374844,86.558682661569,83.670077102759,80.04482293896,90.325759440449,83.27303307753,89.378636565502,79.284755241859,89.97205783567
1998-01-01,81.03503707942,77.202176959032,78.976664980369,93.241943226502,86.917545328286,84.482457247584,80.6537814154,90.725457942652,83.730166947679,90.18741066599,79.899480457224,90.108149163489
1998-02-01,82.191811690702,77.677717926421,79.888357443127,93.589781808102,87.434765856583,85.652723235326,81.008931705177,91.055609157535,84.412177184703,90.543431115414,80.574024741335,90.220187109525
1998-03-01,83.653217594566,78.30659236393,81.009928199883,94.784341186173,87.691388280981,86.302993243419,81.235242478406,91.137439929513,84.943152568209,90.699638212709,81.178113790947,90.345902321293
1998-04-01,84.39878812948,79.127858716701,82.077389904469,94.77234413286,88.133930237534,87.002287999033,81.763095172909,91.226827344431,85.416571736227,90.669103425718,81.945687220572,90.550014452532
1998-05-01,85.395777778405,80.215100594745,83.094601989448,94.542676553619,88.587331533521,87.576654022247,82.416527919324,91.446207544865,85.987124847564,90.992326000159,82.793380624328,90.842645441308
1998-06-01,86.445418341121,81.391909973368,84.050771521115,94.227622549672,89.252137344743,88.383951129617,83.079237288558,92.032941066039,86.482426108997,91.562942131193,83.68358848316,91.297317005049
1998-07-01,87.85152228492,82.382300521094,85.147109795436,94.298618324583,89.895815271527,89.157702900202,83.741020735688,92.65780017621,87.161183310907,91.8074782988,84.490438095848,91.547947267449
1998-08-01,88.934779361016,83.516936866289,86.180522127129,94.410983217625,90.229351853758,89.767502988887,84.549210256265,92.907592402949,87.665885500908,92.15267472983,85.277797423992,91.784734212507
1998-09-01,90.084249970954,84.439691426832,87.131301180333,94.787926328922,90.617649820755,90.479405272335,85.254287280437,93.067968280688,88.228580502296,92.274398545386,86.202293064644,91.969411830635
1998-10-01,90.774099875791,84.965010870803,87.706653745439,94.88091169154,90.943711424089,91.138198000206,86.05164390982,93.140755465724,88.739203225563,92.516278427709,86.5752503859,92.402607910737
1998-11-01,91.293912380538,85.164210314009,88.211814754743,95.292156757871,91.553485634394,91.8206995533,86.801622568885,93.371796549998,89.259598103615,92.108743862296,86.883521748523,93.01248275113
1998-12-01,91.781234831342,85.39775518752,88.897994944206,95.634375402179,92.201361314397,92.134114167156,87.429656226247,93.568893187344,89.558397787615,92.657984243202,87.787844778949,93.513382670607
1999-01-01,92.140086269955,86.227893540827,90.105904456543,96.249927207684,92.746759276779,92.713435500518,88.492629319718,93.945365044244,89.856185965252,92.942036638736,89.242139591617,94.188054179955
1999-02-01,92.718118522111,87.219065548331,91.134509709376,96.7881362484,93.332075735047,93.096747256076,89.458741093184,94.42897755818,90.512204945168,93.52196662432,90.560607283983,94.427150737418
1999-03-01,93.384054983713,88.291712416655,91.98686205336,96.696656929782,94.024933232937,93.883574348846,90.857432772569,95.116818053693,91.285557984576,93.624581442937,91.288558518837,94.927503537465
1999-04-01,94.384071853786,89.086169694705,92.494401452888,96.860342162563,94.729918601371,94.695109799465,91.688185229621,95.851682478297,92.274853583489,94.654396476681,92.153382505265,95.521028780685
1999-05-01,95.233154691354,89.970171166859,93.090953768497,97.337503427296,95.122793696934,95.434024248186,92.548577799669,96.179693189611,93.000473839872,95.432819578363,92.99917488084,95.856112765779
1999-06-01,96.025527692635,91.276078675974,94.065136702805,97.953342834087,95.590627333215,96.333691508245,93.394919967234,96.080170054336,94.035052539306,96.317719245111,93.800590649724,96.591936697456
1999-07-01,96.648671012607,92.892928481054,94.954784559861,98.222491966219,96.131861753897,96.755660310194,94.377963204579,96.790359136963,94.939698368547,96.629682285273,95.077946773674,97.294906997124
1999-08-01,97.174846934987,94.275226128162,95.884832852944,98.180552860552,96.875249847196,97.461085611066,95.555348647446,97.280390895791,96.024203872095,97.17505505151,96.080050128688,98.014880888139
1999-09-01,97.679209545235,95.596227434038,96.957521355231,98.575662387583,97.615650412877,98.198607093387,96.958957625657,97.888278810421,96.791174845552,97.750316064412,97.204709510384,98.599702751521
1999-10-01,98.32870109553,96.764295789172,98.021296801531,98.989390421298,98.292130494402,99.213203560112,98.03769119066,97.946990252595,97.591618118601,98.660909495649,98.212419635586,98.992493118564
1999-11-01,99.238703324282,98.508827535523,99.068763097346,99.542979168343,98.957536059352,100.045249198689,98.84846676608,98.546360479928,98.400075036029,99.405112815679,99.270912340244,99.455856205561
1999-12-01,100.329648506565,100.029152903765,100.073713016054,99.852351712041,99.644448354561,100.528286479851,99.66617859316,99.316315596633,99.351966697884,100.143256373972,100.358313364411,100.094135028326
2000-01-01,101.031209381455,101.449953785595,101.10456523865,100.40137919497,100.412854578383,101.077268156331,100.663014046326,99.943409171848,100.339230032355,100.564839557455,100.919817076179,100.871832368923
2000-02-01,102.043406380641,104.170604242074,102.409576441596,100.904481976935,100.938496689843,101.65799540136,101.652547199526,100.473786613445,101.240656745919,101.411386001413,101.894221520345,101.701237228253
2000-03-01,103.224699379602,107.337222667721,104.090945314273,101.437482960102,101.715134794305,102.944144848774,102.735590549513,101.086461814428,102.060631289681,102.427759628124,102.651012231028,102.894189211894
2000-04-01,104.159399002488,110.632994092207,105.70710398879,101.595700465313,102.272077390288,103.482366303545,103.54343230149,102.011262735297,103.132503543124,103.411191814395,104.347652448088,103.954036944643
2000-05-01,104.92469782061,113.800513476384,107.134849297209,102.046929381579,102.98903555342,104.217188189769,105.302250270308,102.752968567133,104.915868589676,104.391107512674,106.009542831925,104.924617575386
2000-06-01,105.693406967544,116.81510593037,108.967209646037,102.278476657649,103.703454304615,104.432562512115,106.908068723129,103.405795382936,106.064699430137,105.509360753975,107.930273260184,105.718509301124
2000-07-01,106.324687109741,117.864997330526,110.316533531622,102.673478668583,104.082601697591,104.935764636454,108.299132843191,103.696261402498,107.020291059542,106.031141081711,108.924528398463,106.711359775682
2000-08-01,106.96663259276,119.047837140828,111.672745865664,103.222001122539,104.49663655379,105.219809526286,109.299623566661,104.356090001747,108.024749809946,106.422517665249,110.129174109944,107.792642692272
2000-09-01,107.886787189828,120.414855674641,112.656074567472,103.893680432263,104.966075221851,105.624383088613,110.551433903363,105.107967674428,108.825510209835,106.710102550997,111.370845354009,108.994654636027
2000-10-01,108.808657023069,123.250015286178,113.469761885982,104.675437012297,105.325561807581,105.817148198509,111.727952746062,106.096700581179,109.786003619503,106.977829652925,112.969418734271,109.871959911949
2000-11-01,109.98391904717,126.44311159997,115.252998572394,105.035955510484,105.798721983478,106.40122803032,113.098569545353,107.403797953709,110.636684399993,107.472286295997,114.770249024246,111.088011208438
2000-12-01,110.71600551505,130.061233990103,116.960943591631,105.51923169501,106.012882961901,107.288857122171,114.540561805534,108.658952403802,111.839543467241,108.149483441336,116.950496543953,112.404233808948
2001-01-01,112.031476531893,133.040244295895,118.901366656701,105.770106157554,106.403678198461,107.768685189535,115.505531751202,110.241082180524,112.936258505714,108.922847453101,118.837638182343,113.794411060764
2001-02-01,112.902899161174,135.075261080194,120.14418478533,106.171489259198,106.881886148966,107.91024086761,116.880377148861,111.073781271418,114.251952550195,109.520926790133,120.406708258489,115.390590841066
2001-03-01,114.178497076047,134.936974009448,122.321186239751,106.985616373893,107.456369448942,108.145494494841,117.23878699283,112.270467218548,115.314224061956,110.357388682996,121.556149823731,116.83831795511
2001-04-01,114.636796149546,133.855792102677,123.361607906167,107.947674423063,108.081504813209,109.033793230593,118.520077275972,113.52524290649,116.364966554637,111.288584568305,122.739598665762,118.630567595837
2001-05-01,115.257389050924,132.662007703775,124.277739698336,108.742712898529,108.705358927917,109.23688772533,119.253030901832,114.77376423262,116.978208523736,112.087049632271,123.17764616472,119.256857809005
2001-06-01,115.734611104586,130.833803227388,124.515759708115,109.506724079993,109.020749428665,109.739844729086,119.974091672743,115.905358485217,118.075068093474,113.216371530779,124.439708288998,120.246294764477
2001-07-01,116.375631937803,129.281105456028,125.28597180294,110.304526686892,109.511910226142,109.991259445258,120.390210383651,117.133626919364,119.223207209251,114.210723882374,125.601493254618,121.080686782223
2001-08-01,117.358519236303,128.330618732616,125.870315501344,110.97285241815,109.860477750625,110.554288989299,120.963671855363,118.292651803637,120.586368216094,115.2511651481,126.943099295658,122.087240201125
2001-09-01,118.340089944486,128.184202572021,126.977722316953,111.700745337459,110.276555349235,111.210941759025,121.505659520752,119.521838168392,121.983003612967,116.095372623871,128.146097572439,123.103810178182
2001-10-01,119.315661497111,128.210652589052,128.152065052368,112.080117424064,110.751374368306,111.595494143437,121.697879173807,121.090619775017,123.094915084239,116.520597911742,129.133296691714,124.134356396187
2001-11-01,120.303206400384,127.674897489216,129.350881293311,112.969087111786,111.098988053049,112.035964905402,121.641963624745,122.70121212586,124.404439228867,116.804167636123,130.181564966214,125.046400132819
2001-12-01,121.289621374807,126.843087703753,129.987987059633,113.516900285352,111.65355156622,112.067971797165,121.624767320015,123.765778340266,124.575336450662,117.089704559726,130.509512121481,126.17811223889
2002-01-01,122.706507139914,126.842057979021,130.318193342397,114.451549070316,112.157385368107,112.836311025678,122.096946904489,124.498163715526,125.379914973446,117.505149624299,131.353007170123,127.245701431558
2002-02-01,123.989520790887,127.614096877831,131.729696017464,115.003972544783,112.79099854696,113.26395919,122.393265055081,125.427680608202,126.097710716717,118.121387427341,131.773576337268,128.823820436723
2002-03-01,125.456074278053,129.559938635105,133.193398813659,115.404569746785,113.206382697523,113.572841887685,123.105986491485,126.648917076304,127.320637198639,118.721810546462,132.967908393513,130.138868444089
2002-04-01,126.851902095801,132.11037229204,135.648589792922,115.398712258861,113.680464348545,113.525318935685,123.332127196824,128.093303036222,128.69301906763,119.634843607735,134.527804114836,131.623310643647
2002-05-01,128.691985007379,134.748355991632,138.132803832933,115.873837328604,114.197853615596,113.728909708543,124.008640640786,129.791916418347,130.484808210426,120.339116980126,136.681798015463,133.294920233217
2002-06-01,130.772303848261,137.569187050095,140.538071896719,116.33821512884,114.67671889135,114.053634624599,124.254681112145,131.567502561794,132.495632279217,121.053238536465,138.771836636555,134.840568329103
2002-07-01,132.858714220043,139.37333822682,142.872076179498,116.826836046099,114.994043748936,114.455320232727,124.676047757234,133.480743448377,134.854409954096,121.8597314177,140.541564289403,136.998587196687
2002-08-01,135.085217288447,141.107911510953,145.704837517945,117.272668469509,115.285806238752,114.755351881797,124.611015375383,134.907996875583,137.003348618148,122.63489961989,142.307937831954,138.95497160625
2002-09-01,137.236733063607,141.85083289028,148.042710831255,117.804494134389,115.539612974646,115.046259680576,124.666950228864,136.581841106387,138.826656778251,123.483561900623,144.203128208297,140.802239169568
2002-10-01,139.723107869135,142.818290870764,150.589236704385,119.161660726075,115.814197128441,115.433817049827,125.000260899389,138.266421093978,140.801751439474,124.35092372464,145.848389555124,142.448935092264
2002-11-01,141.824384972205,143.63321993228,153.040598068285,120.601085887124,116.241187828338,115.9076754966,125.555003506919,139.837319532846,142.843487975869,125.316701659189,147.409319855315,143.865827576136
2002-12-01,143.982063423395,143.81928578719,155.19772913652,122.005780418866,116.714498186519,116.629694074494,125.712032932083,141.70579477268,144.91360478121,126.366207399687,147.858348893234,145.590486815122
2003-01-01,145.752402637528,143.73391510635,157.295779494721,122.913809851757,117.709906842521,116.84558358007,125.619506884751,143.775067377333,146.638990740365,127.222375771151,148.524578720667,146.67685083577
2003-02-01,147.308755075386,143.850324292649,158.500383856653,123.748589545939,118.607941957534,117.479596263508,125.598659672386,145.872257415666,147.937101162147,128.211178472928,149.697894412704,147.943993451567
2003-03-01,148.881737702838,143.956334563277,159.698668267095,124.331116973932,119.563361517024,117.999216747538,126.111024902,147.389127596695,149.216318262788,129.485519060092,150.972863446465,148.699930455702
2003-04-01,150.48556116396,144.298696068712,161.098480088387,125.287858217653,119.900506665162,118.466671857758,125.915751198706,148.699962139944,150.339895064913,129.782827536895,151.641762600832,149.929694663575
2003-05-01,152.288284097061,144.374792682797,162.582609392176,125.970293093417,120.290791172508,118.885188559433,125.777562980169,149.76361762576,151.491933996001,130.52896906675,151.878977925924,151.369170227564
2003-06-01,154.062875584279,144.840311668941,164.200748839864,126.943519313656,120.665073850058,119.36102067886,125.080528910968,150.720361035156,152.247026027157,131.022709059285,152.378730913271,152.996331903514
2003-07-01,157.016130722453,146.174843273772,166.359190492191,128.35701387389,121.282273450012,119.965289236562,125.164515876225,152.776177926343,153.289684323621,131.698926941979,152.891998432731,154.71309926693
2003-08-01,160.104664249492,147.795701573339,169.427117177428,130.435384824329,122.096776090115,121.017154071555,125.597475542834,155.050978901009,154.486737055343,132.194726525737,153.564692855271,156.793397817804
2003-09-01,163.58826222592,149.637017726606,173.151033943315,132.699632674889,123.04304386781,121.698575279198,125.829175794307,157.067474886628,156.363150639349,133.28580063424,154.607058891518,159.25601988134
2003-10-01,167.056468128634,151.550099117732,177.153465521279,135.703797917224,123.906344739244,122.834700507701,126.29809346728,159.084237166999,157.976731694021,134.447003903648,155.901888777699,161.693973964343
2003-11-01,170.757064934489,153.730240051296,181.112398903241,138.797382494117,124.974551067194,123.519949518856,126.7962008243,160.753855883329,160.016233056611,135.652480906224,157.682690662056,164.165002110929
2003-12-01,174.784598742594,155.987252077132,185.045231298596,143.077114975362,126.247446548744,124.835050057612,127.264099438147,162.60492254317,161.894456214233,137.040881900503,159.303469422625,166.521899817998
2004-01-01,178.77375899738,157.843113895908,188.629537190904,147.238696587493,127.289340323239,125.583250641635,128.082933025033,164.830058103069,163.642813357007,138.025283569384,160.572798437834,169.535303205959
2004-02-01,182.914940883055,159.953927902306,192.670875850358,151.632831329391,128.397399202245,126.582288827296,128.64044334869,167.046328021015,165.450287525096,138.762424115458,161.987351194584,171.795456551663
2004-03-01,188.786656150386,162.212734319076,199.058489096362,159.835031034054,129.636986651718,127.526125495626,129.250016521887,170.312824797069,167.479819528713,139.610646957384,163.253347696738,174.648026442716
2004-04-01,194.500262599176,164.534529278657,204.923244051791,167.509912229463,130.927323991799,128.597202999375,129.290289533676,173.101432932493,169.142337957566,140.171042095741,165.531488336558,177.845536718476
2004-05-01,199.737742574904,166.799984088582,211.08399860397,175.425919529784,132.46552893913,129.879831710903,129.311975402173,176.560273924718,171.144164667337,141.472962145777,166.174514885645,182.008089064046
2004-06-01,205.278647274191,169.83529924606,216.724694193823,185.001181176025,133.924215560311,131.094686608521,129.843560460905,179.837641275909,173.347396272174,142.315259268648,167.51673591025,186.727367650114
2004-07-01,209.297223398192,172.094446481888,221.872767084987,193.59727620758,135.800016965376,132.257422039266,129.96981255069,183.31861306186,175.648200409557,143.231928351586,168.141204971077,189.899412692116
2004-08-01,211.149136295346,174.534455994231,225.122085129674,199.396907492953,137.565014424353,133.119652485979,130.352179693489,186.699198139174,177.283470498209,143.84751042317,169.289109666934,193.050393986224
2004-09-01,212.717820016574,177.016847264384,227.986706126927,203.019668071528,140.573199739552,134.234171005209,130.514066004241,190.39058725038,179.122369301931,145.181994558583,170.158806669238,196.118780060251
2004-10-01,213.868778419743,180.047772263517,230.267419518659,205.266162587578,143.804676135018,135.237000771239,131.27089226719,193.543604549546,181.124950609844,146.166416054175,172.048341833054,199.547219389013
2004-11-01,216.022398419675,183.278189711709,231.762568378365,206.856842133749,147.696181626253,137.284694106861,131.871087081314,197.071545647183,182.928589080451,147.250303527261,173.052190391879,203.152155509252
2004-12-01,218.129235409511,187.114335110074,234.300467317038,208.185241519831,152.151978041164,139.11522378207,132.755063637525,200.873564670149,184.59916094252,148.585237613652,174.318577630963,206.974645982318
2005-01-01,221.471357395765,191.621093480196,236.714386923008,209.155958901388,156.329138395224,141.626534800097,133.395210929694,205.339882956698,187.172010508534,150.041202779173,175.759620879334,210.799937536114
2005-02-01,225.207333733403,196.018997679677,239.028021584496,211.679772400725,161.648185454956,143.034606538484,134.37032027814,210.050842177996,189.792269789088,151.823059433274,177.935600029383,215.180549227201
2005-03-01,229.746887495687,200.468775593711,239.915565253473,213.663342622567,167.797163327631,145.331973880173,134.656686272294,215.958773703626,193.188484483578,153.995430864231,179.460164762374,220.992557479154
2005-04-01,233.443538470982,202.307687661766,241.298824611714,216.193474119331,174.636605720405,146.770415777636,135.089970347733,222.349385574359,195.170674965438,154.603925496893,180.493221564693,225.763894932834
2005-05-01,237.105432481751,204.821142430725,242.32923832106,217.985575840302,181.130657802271,148.771522933592,135.128884776156,227.560257834737,196.732262924962,155.274925202709,180.710044689564,229.737012359959
2005-06-01,240.583334005951,207.194972176075,243.653978374687,219.436936305918,188.947847336898,150.786777769677,134.938400897336,233.9546252039,198.197124794367,156.07303649158,180.083127532043,233.785244803895
2005-07-01,244.262577601434,209.307685226882,244.516397411034,220.459776037843,196.159466462161,152.829818947873,134.969785687841,239.223682213119,199.811022165884,156.617367274808,180.011988186358,236.781572176745
2005-08-01,248.283831794553,210.714942314178,245.504070186669,222.023104368872,203.004266345815,155.105638135856,135.237458206289,244.937878171681,201.498798615385,156.555217217432,179.700981432912,238.996599728676
2005-09-01,252.84110902916,212.697772333969,245.951754402063,223.773368531993,209.577408756537,157.52738140738,135.908832029655,250.696544544837,204.075556903377,157.966484915836,180.14763833526,241.389093825785
2005-10-01,257.743336023403,214.12493722232,247.71349905639,225.576689933641,213.618332826273,159.833499323949,136.609610902936,255.871097611941,206.679291360078,159.1538044474,180.012926266688,243.767941093635
2005-11-01,261.663537994619,215.514697175069,249.545598255925,227.909165336621,217.410914573207,162.48269621378,137.221157807396,259.921696089673,209.321214430954,161.324968651125,180.81193619203,246.220477189017
2005-12-01,265.419398465384,216.413773364656,249.86988881275,229.888441266738,220.177760584593,164.827353639947,137.919474133813,263.940014916612,212.052228175131,162.646391691817,180.437692351368,248.437933167278
2006-01-01,268.2087556683,217.401894563045,250.574054487923,232.27266607139,223.011218925572,167.420118497709,138.804138129972,267.968999299357,213.504470346776,164.447887441165,180.626939894328,250.272528916037
2006-02-01,271.23373416511,218.820779717781,251.376406839334,234.401038169021,225.253909580671,169.473885433016,139.290450647232,272.032549902575,215.053669495726,165.921473184974,179.54371565925,252.022464734718
2006-03-01,272.084292947996,219.294637666244,251.691672319269,235.229873493965,226.485684736987,171.797651054817,139.342730008268,275.07640039273,215.719653258309,168.016199336315,180.049994290375,252.816397249862
2006-04-01,273.089249191054,218.822302944642,251.322970900522,235.755509162007,227.778668164329,173.088899273838,138.812242789557,278.153796801083,216.450819426389,167.616685117433,179.34221782355,252.290981141207
2006-05-01,272.930576517094,218.02428376047,249.662825753488,235.388423203002,228.060440301545,174.690134356115,138.73541840601,279.695797539149,216.617843311171,167.717173876328,178.325603737304,251.192940166167
2006-06-01,272.218174783027,216.546791478893,247.919281850807,233.676970290554,227.540558939249,176.537306043589,138.447981161498,279.209447379176,216.194245121751,167.155285935067,176.49501852086,249.326753091371
2006-07-01,271.493979249276,214.984221189941,246.012903564946,233.060347953216,226.094223977692,178.278340650348,138.338276777961,278.468858375879,215.049589114242,166.556536623412,175.601656553797,247.060544368851
2006-08-01,270.587777075132,214.310053156987,244.124460623663,232.399354852971,224.505781253744,179.768653571871,137.809443499164,276.037517772107,213.095708388014,166.01969281441,174.917550791229,244.414920482874
2006-09-01,270.434935773569,213.558549913555,243.375165946282,231.870892188858,222.943842454455,181.019677511886,137.63380127245,276.306644952226,213.026699590062,166.452281969573,173.8477670058,241.735199728776
2006-10-01,270.998391428897,213.363267980607,242.088482287957,231.300622360652,221.685639306904,182.099992168114,137.367839264381,277.508628269562,213.027328885491,166.481667268906,173.731475403922,241.779317789129
2006-11-01,271.902525152864,213.268938295048,241.436762048285,231.423321359326,221.043047720787,183.41663591988,137.314050371015,278.770299451162,213.158909952838,166.513169399436,171.911225690543,241.540146632672
2006-12-01,270.322259858757,213.159726787597,239.33523800692,231.768881716259,220.706810974796,184.736176664357,137.648999315094,279.690055147968,213.252399841238,166.958771502127,171.2878831114,241.443426256455
2007-01-01,270.804802375438,214.623550267449,240.153248870439,231.940173664925,221.423701648385,186.38430013387,137.596974030899,278.943289993488,212.909146190056,168.265475231634,170.577563012934,241.411125524139
2007-02-01,270.13670238435,214.882899711489,238.903865794501,231.799958669914,220.868657274268,188.018217092955,137.407376713355,279.790017902267,213.310914465015,169.482633697855,171.28227154204,241.800247880468
2007-03-01,268.747211869799,215.319340107129,236.62549769214,231.233466382364,220.150902674469,189.54578164825,136.981362652244,278.604381216036,214.248860766987,171.278105032268,171.851345318609,241.451490490681
2007-04-01,266.428946053685,213.531100097603,234.647140146061,228.688464274674,218.161493048731,189.958125413264,136.55772698039,276.114456695268,213.628640407904,168.767767691378,171.648803170493,238.580149362681
2007-05-01,264.244394053593,210.774598275447,232.376156782438,226.012828771763,215.57515831201,190.523878702058,136.783810118862,270.965190837388,211.874941339755,167.370584944607,170.934031038995,235.839455757945
2007-06-01,261.322916770176,207.966053869537,229.909124238294,222.135414886476,212.654073521037,190.381255338862,136.823061317297,266.106422991458,209.706812156184,165.974117460169,169.706867072221,232.446071220439
2007-07-01,258.488947688657,205.566809577788,226.670017425334,219.112007751315,209.408742812534,190.198660480111,136.956924312084,260.118767122533,207.774243625875,164.64989951531,169.228931409759,229.310053814558
2007-08-01,254.848860269018,204.516532583612,223.586693845191,214.882824938502,206.331291207072,189.577261964954,136.834623564582,253.965377782612,205.37154120869,162.940072576343,167.986613897332,226.418235645543
2007-09-01,251.299589309425,203.115609956944,219.802792496021,211.053340061936,203.068809172215,189.146513441331,136.215760430218,248.347179655174,204.866565912147,161.400503011115,168.040515369452,225.912519471118
2007-10-01,247.006968166465,199.647772285643,215.381303386856,206.318575246224,198.027001197283,187.875404465297,134.74984409315,243.02602472628,203.958225561702,160.303109137821,167.412350737797,225.436173112084
2007-11-01,239.234123416395,194.696146511316,209.108408418069,200.740375747886,192.427955598414,186.461038739244,133.016710516218,236.415463496728,203.295057564314,159.626900784176,166.957877594212,223.017852091011
2007-12-01,233.11469531393,189.994322114714,203.471833445829,195.973069484276,186.89498129709,185.733184310153,131.607560272857,230.58479437392,201.718478297009,159.351214916673,165.528703083706,219.237350132871
2008-01-01,226.111823987086,186.634338162909,199.937342773921,186.867737890547,181.120200661904,184.466279779927,130.937362814396,225.022096274416,200.803389369784,157.528503354634,164.753593789679,215.656587779458
2008-02-01,217.771634888851,178.852084944324,193.18718907529,178.606378904397,175.055349697063,183.543348381054,130.258040570945,219.162035000742,199.440714901585,155.969165442905,163.531798590743,211.67349212116
2008-03-01,210.580767323937,172.566470808247,188.043221339683,171.194112831652,169.708841193168,181.731177236862,130.351566670904,210.77588597105,198.826833712455,155.244413193369,162.222508349915,207.681324360289
2008-04-01,205.100004252387,166.736740025374,182.18421628073,167.256559840491,163.920722156112,180.760496928813,130.190453533527,202.909655978431,197.175353501369,153.93141913899,160.953307182094,203.733651804527
2008-05-01,199.432793607494,162.559089713834,178.504386076893,162.133997245381,158.540244083245,178.421274266668,130.123142109632,194.51046614273,195.838862027405,152.008424641655,160.576913172402,199.865692277108
2008-06-01,195.133729853008,158.501257874297,174.350482038216,159.190508121773,153.231155707115,176.60976841677,130.184767079006,190.76910739718,194.838491840609,149.959824541629,160.546971676447,196.175487199585
2008-07-01,190.676414238914,154.10495613588,169.860874202888,154.271046221942,147.998912134771,174.216757215816,130.233318628661,186.216773763687,192.564003040815,147.545833100331,159.673787826729,192.713169013867
2008-08-01,186.649876284512,148.158934268085,165.738439268805,149.692815652353,142.987103557337,172.532721246885,129.611749109277,182.013851460051,191.070001843218,145.938815722888,159.491786560443,190.438553297214
2008-09-01,181.845869194487,142.834091506368,161.891865678505,145.34074972822,138.266132247832,170.300499158815,128.750483811165,177.428844807099,189.656350719255,144.213879615399,158.220530207587,186.837847875867
2008-10-01,178.067698719207,137.586452600804,157.938699500432,141.122316795278,133.395613012903,168.524126398289,127.693462938524,172.431303775621,187.808392933189,142.34741090117,157.436068538605,182.872344433813
2008-11-01,174.95137888584,134.682615629699,155.152204883804,137.12615806523,129.172774049729,165.552203700909,127.327544638678,168.48877146779,185.50596358401,139.526603700035,154.842671411786,179.559982536142
2008-12-01,171.444717745741,130.633447994732,152.908610347303,131.222520790612,123.432730608891,161.068422382402,126.487096018503,164.268666347549,183.314591079742,136.71136954475,153.998327023856,176.363111682362
2009-01-01,167.831373675474,126.656828872567,150.177709387709,126.055224313492,117.875608830035,157.161950247687,124.455646453515,158.797542387232,181.570089703125,132.182816475008,152.676726404076,174.183927452994
2009-02-01,165.545551070396,123.97382575094,149.150434441093,121.968599795622,113.507872485684,155.794950914526,123.127431738508,154.759037138607,179.337724072198,129.40305939715,151.91006591766,171.428738647408
2009-03-01,163.739445957744,121.088136181831,146.577207014763,117.809221429535,108.707876632748,152.262432086119,123.314902383732,150.428549868385,176.18833253177,127.336232800312,149.671880088922,169.884303409484
2009-04-01,161.545050855746,120.169928732376,145.713762014453,113.464048576847,106.132667125055,150.464365758143,123.738367174036,147.913441230856,173.39653021784,125.863011972456,148.790689359132,169.574265152206
2009-05-01,159.836732328923,119.866474829892,145.389980970822,110.229470399868,104.267835244547,148.558464490165,124.023319643812,145.672828995339,172.861790804894,125.799267608026,149.164091802727,170.030174828374
2009-06-01,160.311499748592,123.341779933626,146.467969469429,107.569228181789,104.655069322352,147.850391667358,125.274071484402,145.945392681306,172.248843759499,124.519758985367,150.841254904191,171.767205251922
2009-07-01,162.211814780858,126.15703869217,148.885075726744,105.891018665678,105.790367499287,147.120232127414,126.288529454655,146.344787048823,172.293656185089,125.923797658005,151.368923955406,173.600345863077
2009-08-01,164.259588177331,129.235434207138,151.030802460268,104.955612787229,107.051166982735,146.968588833138,127.02833642839,147.323559291115,172.315327491756,126.639754960106,152.392088451635,175.739677397839
2009-09-01,165.529851407168,131.557518066859,152.718483090303,103.817825898914,108.121897415878,146.63141680962,127.282882246069,148.34482365344,172.425570566646,128.16615081781,152.802850343026,177.402171309676
2009-10-01,166.889512732628,134.028345097553,154.224740269883,103.567583841346,109.381559546998,147.58806660698,127.592375093936,148.330268578086,172.383318594039,127.569080136156,153.145131369499,178.097013860005
2009-11-01,168.919547139242,136.120174438445,155.78391050485,103.558920234941,110.888700478239,147.962017562425,127.994335293781,148.217736294755,171.769282761497,127.765107089635,154.07996245184,178.584240996055
2009-12-01,171.586923839143,137.029482670347,157.043918373108,104.224004514708,112.119343912884,148.57333303906,128.070521929367,148.140995755794,171.967571865531,127.121752608412,154.835309293966,179.792048548951
2010-01-01,174.441879380081,138.495978487272,159.070013330265,104.072163732934,112.542432883789,148.047200589852,127.895119752909,148.347278458116,172.359686323866,126.838663497832,154.978296106605,179.97130163239
2010-02-01,174.46620436962,139.298494558314,160.508170421307,104.114008566266,111.621959727531,147.462108118184,127.72900651567,148.311864717577,172.440468485067,126.221426218109,154.733596672527,180.45313327323
2010-03-01,173.669122942589,140.931566886187,162.378048452421,103.686815943203,111.264989448198,146.98990622375,128.344004792153,147.995338653037,172.262647507046,125.02224996056,155.61714460246,179.882799959017
2010-04-01,174.036511180084,141.726555349949,162.700489854645,103.772410746335,111.648765357957,146.211203176668,129.030858543762,147.234783782628,171.972898741095,124.27186469125,156.040541101871,181.98206316935
2010-05-01,175.155418937622,141.38838775164,163.321236656916,102.977954734004,111.605302967744,146.141782159016,128.300661853822,147.303991798165,172.285700637262,124.042171528015,156.411182158942,182.984484038249
2010-06-01,174.796053711136,140.534408842454,162.833184911062,101.945450265622,110.748376272302,144.863290331076,127.38079783982,147.223538676602,172.554485545859,124.019952107834,155.725811306277,183.940369592176
2010-07-01,174.230042880511,139.858460667944,162.732238277849,100.706480187434,109.344834465174,144.364994681109,126.18574683459,146.55404588134,172.832168388001,123.141424023894,155.267228425563,183.740057333812
2010-08-01,172.971092102958,139.173036415312,161.539108831095,100.189152756744,107.542975714063,143.221174165044,125.645445103638,145.666793269352,171.860685161077,122.245534975774,154.506086872432,182.812613627967
2010-09-01,172.788327724214,138.886184211071,160.417325807468,100.270346140558,106.142156815159,142.802190277881,125.306586375358,144.219255950919,171.603381735003,120.573408344067,153.387529524017,182.726639325704
2010-10-01,172.597190961189,137.239400169483,158.834137116225,99.97708513172,104.905366183354,141.687771222779,125.398635237371,143.431244202605,169.288944353202,119.223663498815,152.999094765122,183.038601750809
2010-11-01,172.689337756386,136.992102038097,159.848677406297,100.057226390488,104.014731295429,141.143947586435,124.814107600026,143.232416535055,168.781100992917,118.390895874266,153.064540766426,183.47513238571
2010-12-01,171.437644997058,136.914654325599,159.85017685762,99.400669352446,102.932949013859,139.939254274175,125.076027853923,142.871563670347,168.306163503655,118.113440497051,153.703204550438,184.148216417115
2011-01-01,171.512355664818,136.536018240407,159.272838140104,99.476529498543,102.291974079923,138.464806356121,124.99184224157,141.544607752643,167.190888753546,117.789044179818,154.204744999192,184.31319644063
2011-02-01,170.949205231064,134.745584424498,157.604664888576,99.038066565267,102.147303631853,136.746031039235,124.378159584461,139.449285448901,166.610098971815,117.145348347259,153.243382562756,184.126026496243
2011-03-01,170.686895728429,133.694708420967,155.824776439712,98.210089426565,101.7066387433,135.98572470489,123.276589271687,139.004932935362,165.505090404205,115.675150059838,151.378344194508,182.034270291666
2011-04-01,170.128014701551,133.509257459377,155.550284209957,97.304614957455,101.54558476561,136.020162266111,123.575875916035,138.859284215351,167.130096632659,113.667933500813,149.237604706489,180.740103581138
2011-05-01,169.202069972461,133.190932302775,154.769703337814,96.060867311081,100.770741050247,135.600526997259,123.778436560835,139.255523883082,166.835733274659,113.808947237343,151.178508842326,180.580666895084
2011-06-01,168.55888194698,132.547342340652,154.01037330174,95.688534402146,100.331251447168,135.326245650613,124.152308098802,139.439766352738,166.285769942799,114.370681411621,152.327208465578,180.616125860304
2011-07-01,167.960760119652,131.92854526868,153.120308417192,95.182430750782,99.660170935355,134.739949943718,123.560033471595,139.623705132212,167.044557854948,114.4862365819,152.161412157041,181.668292351229
2011-08-01,166.930972432921,131.887230690601,152.731001833383,94.342331989788,99.33617373347,134.454860423595,123.815957210211,139.008955290239,166.69314175948,114.862084753333,151.786276544669,181.804239387876
2011-09-01,165.726943272615,131.008122467718,151.979442971817,92.974950482884,99.393348572584,133.544249520399,123.739966748928,138.564281696047,166.950815978486,114.366926171504,151.608172582905,182.9323877893
2011-10-01,164.288351768372,131.167466308471,151.855426513808,91.57117350478,99.727555967193,133.128793905757,124.380370237022,137.81844201027,165.142280114671,113.659729954106,151.608786982834,181.274755639222
2011-11-01,163.615948657764,129.812463218992,151.309693022048,91.045313954561,100.510918801799,132.494711246034,124.731909469845,137.169998573084,164.312385935538,111.741914085048,150.811108259676,181.14794502924
2011-12-01,162.807534172446,129.882466337161,151.415293955377,90.750552200131,101.913225786889,132.444715056834,124.682575715982,137.739834261461,162.986557513592,110.81053390258,149.82947804157,179.795630472501
2012-01-01,162.467697569808,128.639695434137,150.911381073155,90.522378602038,103.63015004645,133.235170509256,125.115869253088,139.089623515235,162.106062385421,110.182943328535,149.916575125327,180.07722851338
2012-02-01,162.114184699807,129.223526662234,151.453736215796,90.689187354219,105.400457355107,132.884879463211,124.830734844423,140.74059496498,161.131610190147,109.089612567241,149.597704563695,178.563628328294
2012-03-01,162.301725597377,129.244224176612,151.371747082746,90.773928522494,107.681587069709,133.973832743783,126.105752523678,142.370676560731,160.53057925852,107.300581401534,149.626406306649,180.332087369818
2012-04-01,163.677973276207,131.117210270753,152.54027244103,91.565807854733,109.97103279114,134.452356312116,126.823100826369,142.837274552773,160.992469740834,107.033163451502,148.974831333304,182.791158729143
2012-05-01,165.539832673706,133.5598710806,152.813457989906,92.854510764313,112.176933493744,136.063217419608,128.098178915176,143.644270627437,161.721677422156,109.975460196764,150.666934651666,185.444655128515
2012-06-01,167.253269905128,136.280367730415,153.563250136642,93.808330673917,114.171777174461,137.445298496157,129.195765464381,145.30797668333,162.561756615919,112.02528986595,152.273006051137,186.952062682523
2012-07-01,168.658757231647,138.280061645146,154.472128068622,94.118758129168,116.245674292523,138.652980037351,130.373219180073,147.042814606848,162.595731832743,113.117642277105,153.64775305782,187.705774531264
2012-08-01,170.659697806491,139.319084949443,155.80183189981,95.115971053888,118.110091532853,138.976901382386,130.953184616961,148.48617588882,162.950611445053,112.97442371518,154.641442224558,188.337029198228
2012-09-01,172.70853814611,141.229533604012,158.463185526838,96.548089801002,119.788732200099,140.147425445139,132.280724088285,149.099895818074,163.35191292745,112.818034325085,154.629170540001,188.734595575705
2012-10-01,174.793861231909,143.282868655464,161.196699458085,99.426705517002,121.60521252976,141.003499905638,133.155446746458,149.704969137845,163.116201373593,112.549188279551,154.221193216701,188.937094484817
2012-11-01,176.544794146339,146.628326747276,163.645941079884,100.309308981958,123.637509294106,142.757219141954,134.619290935793,151.039535610613,162.496022606241,113.093709376584,154.280652798678,189.288113544108
2012-12-01,179.578517445059,148.888847845239,165.622307684071,102.61747644088,125.491305068144,143.644077184948,135.39867837684,152.605127667065,162.704857808338,113.642073577754,155.275264655821,190.408338229039
2013-01-01,182.219282466734,151.259185979913,165.6609979985,104.467166335659,127.654263753191,144.986705312941,136.466624700909,154.150420101383,162.796266954155,114.14296913579,155.999281313612,190.889979956493
2013-02-01,184.877317422364,153.300289059694,166.671595144392,106.558181972082,129.550919217652,145.174635809646,136.99027033143,155.38023001207,163.772352383203,114.728735352176,157.326289015301,190.643031009333
2013-03-01,188.935561949632,157.191742083583,169.425102318166,109.410603421273,131.613341727525,147.834432305123,138.008272555614,157.341962653865,163.269334601258,115.08138554455,159.106715532664,193.645655148912
2013-04-01,193.854412673479,161.716083259949,174.674787669124,111.866766299233,133.301477192492,149.287704845569,139.026650119123,160.81414845946,164.81465788326,116.584808280845,160.633393625283,195.457180782147
2013-05-01,196.93901340414,165.872063732937,179.012386221188,114.263117682453,135.147114122115,151.928252252934,140.35355620435,163.697372488095,166.018837782826,118.809473678576,161.645524367837,197.0509716545
2013-06-01,200.323543156644,169.448311025107,183.008948506695,116.906357859503,136.712738624408,153.44766624608,141.41762675241,166.50860665204,167.081707426109,119.860072768964,162.53876025036,197.488344248276
2013-07-01,203.831671333634,172.909851164851,186.057420974944,119.805675333842,138.300771719794,155.907213638215,143.158561731057,167.371690335592,167.914669882827,121.96169200974,163.571431212385,199.218580349284
2013-08-01,207.941371944912,175.461338810558,189.586540304566,122.884511818763,140.228876727752,157.422874876486,144.530771558929,168.946091670247,168.940384157078,123.160781240557,164.815261964233,200.634959358572
2013-09-01,210.764112737101,178.195350381767,191.808155066277,124.693884541292,142.250991342483,158.991806776158,145.685680656308,170.697102472248,170.349545051188,124.267683642198,166.519267100771,202.50995265268
2013-10-01,213.693899988272,178.98275677392,193.29660860908,126.492924937791,143.734806363486,159.896370042831,146.064894778986,173.468283066183,171.405557346533,125.361275155006,167.68047260311,203.433475350073
2013-11-01,215.076505082817,181.018523921033,194.437688197981,127.848211972163,144.448427980751,160.906962522549,146.770906901473,176.051617783683,172.484611757249,126.009089467274,169.473391030171,204.408674122598
2013-12-01,216.166536578356,182.763722856908,195.647714842416,128.933711658238,144.762527149778,161.761029763696,147.703262627239,177.998617167288,172.825671500975,126.740525305367,170.307228092504,205.916843132785
2014-01-01,216.591074835858,186.105019679933,197.668108471353,130.61653838616,145.232268913341,162.355301916647,148.620603266828,179.629149007535,173.546763876516,126.580949445419,170.234914669962,206.967581153394
2014-02-01,218.281630398613,187.367472049323,199.531709434958,131.314439321539,145.550058020421,163.551994312336,149.159502941014,180.167867426108,173.567422359283,126.801339099403,170.467979281248,207.538769231136
2014-03-01,220.078463320171,189.525830035792,200.865442581089,132.518955234457,145.962141542495,164.41908140717,150.103033003409,182.328466523222,173.443903534574,127.67254547653,171.451775218962,209.10799219295
2014-04-01,220.495732160698,190.583275238401,201.1605359457,132.761025974567,146.042291292484,165.407542550099,150.983988113706,183.794831024259,173.317067751543,128.355351779982,174.665395054722,208.248092547178
2014-05-01,220.827681294552,191.594704552311,201.138899457901,133.330870709056,146.102705904985,165.76119026212,151.740238847799,184.815479712541,173.477922995304,128.239704808069,174.757894909746,207.896549615945
2014-06-01,221.411886686473,192.027241316438,201.305408177441,134.424315777655,146.213256871429,166.429419315271,152.408151869333,185.462034809006,174.170275787981,127.859168444629,173.978770945064,207.55409070062
2014-07-01,222.034696476189,191.656744843247,201.307852645556,134.853088271302,146.236241581062,167.072803093371,152.930334153986,186.110659678528,174.692262664384,127.35362433155,173.153298538885,206.970005708648
2014-08-01,222.111146323182,192.074618819999,201.252235235423,135.320905381503,146.392220351375,167.933063900031,153.937692941669,186.981833846104,174.867207664281,127.516013718018,173.483307421033,206.905364182521
2014-09-01,222.77905540045,193.515856414977,201.629933266764,135.983790703607,146.593424438021,168.765362993527,155.009368311004,188.53167994541,174.846474881811,127.739839103843,174.165679700401,206.980131214786
2014-10-01,224.507661213857,196.156150689444,202.550043417252,136.496094154954,146.873429599325,170.171016910292,156.756141270558,189.954862994167,174.798777759143,128.049973180151,175.023849180628,207.801838217465
2014-11-01,226.337505797789,197.742869930466,204.570232631522,137.540494549595,147.469274076176,170.984999352011,157.876032805358,191.310238008137,174.6399330141,128.331494849759,175.977349236064,208.058399433028
2014-12-01,228.00930558353,199.962675758129,205.477894737197,137.850262711871,148.233889932419,172.641772568936,159.812239529588,192.923921454043,175.561428452431,128.427075076271,176.64198770658,208.548994991748
2015-01-01,228.281790176636,200.414917306472,207.344711349492,138.396141947127,148.872011898301,173.422679192953,161.020162693533,194.453884372434,176.125490584437,129.41635600071,178.246831744393,208.706471432064
2015-02-01,230.319071790441,205.260429384427,208.217337701824,138.845712321446,149.605866728166,174.743031913656,163.66246673076,196.405773066083,176.857473037421,130.291140172346,178.803700864637,209.415275529193
2015-03-01,231.5882737175,208.243422886814,209.576993869836,139.939927428852,150.336909922009,176.030264676223,164.485239357649,197.744047986047,176.696215015145,130.839558780256,178.696238723233,209.678966727439
2015-04-01,233.089389267734,209.406553344158,209.824360700006,140.84483923343,151.009671047885,177.100697497079,166.029652465187,198.837744112949,177.645486673047,130.501095692551,177.186244564326,209.699581368757
2015-05-01,234.19148645858,210.291396203852,210.442587937538,141.945927242723,151.621191140483,177.654051507371,166.769740903499,199.336914432403,178.213691133869,130.153709922063,178.382113383276,209.300262147589
2015-06-01,235.042147283936,210.747459122235,210.238508836109,142.389334312029,152.329582340901,178.4547033739,168.009736120395,199.730726998345,178.646131418981,129.76401572882,179.687542230967,209.75113926121
2015-07-01,235.642104206232,211.888838307781,212.210325917402,143.216542818669,152.983244935052,179.250521594431,168.870334516234,199.983666081694,178.847370250145,129.471745659547,180.964944126583,209.84939096388
2015-08-01,236.234687850093,213.137820492636,213.419582868632,143.559886061864,153.647258291239,180.979088600035,170.714768855928,201.163192388014,179.122712791908,129.36977868706,181.82566804421,210.08451886271
2015-09-01,237.291584378828,215.617744128773,215.132565466397,143.882256132623,154.28440862092,183.100551342164,172.255246671265,203.106396567394,179.342940866836,129.587679071804,182.456613068572,210.245379696774
2015-10-01,238.595788938868,217.881729016397,215.466913704158,144.295218392808,155.212082882849,185.640592960346,174.071057430649,204.922453642259,179.673628532981,130.001201596626,183.651288543966,210.466763759925
2015-11-01,240.119546096219,219.572234303314,217.358491591671,144.793351411324,156.097527427469,187.973878986177,175.282648514585,206.61388026244,180.30356634358,130.898490251261,183.876771551655,211.418883444225
2015-12-01,241.703168187154,220.571856932211,220.115574698845,145.97984840625,157.498327196196,189.715299829855,176.191840606576,206.564216338934,180.445805767832,131.383757274945,184.448893725045,211.360970685853
2016-01-01,243.505003712617,221.376664371427,221.472810334823,146.700659082443,157.779443113878,191.511631974085,177.389975888995,207.431634297438,180.477382652884,131.710343954759,184.552627074842,212.106132054096
2016-02-01,245.245324534866,223.44559501583,221.037273630241,147.791438916928,158.447929864287,193.013113499889,179.195476599422,208.251442258803,180.77962186243,132.035385214768,185.232502239478,211.453749987915
2016-03-01,245.795602449766,224.977851631835,221.975336620639,148.259842237615,158.605545772676,194.419735520044,180.294221315596,209.660158161467,181.250981952962,132.862915154631,186.175799294398,211.503786696343
2016-04-01,246.354710772198,225.208179868906,222.733478051046,149.144539397695,159.139535371897,195.357191410575,181.324244166827,211.180421661007,182.026793734705,133.51003657827,186.902247865457,212.400310147446
2016-05-01,246.723099795844,224.088034448283,223.664593800914,150.01302963519,159.596622240007,196.211328746726,182.423020800434,212.288352616292,182.177412368893,133.996878885501,188.176546660608,213.012106495416
2016-06-01,247.517793433688,224.82923305606,223.973124080197,150.552276325424,160.131431122489,197.945673263208,183.557633477792,213.652828943266,182.768598037822,133.858856137158,188.130825018088,213.209913818117
2016-07-01,248.812882621677,225.276515755585,224.883323981657,150.969781940598,160.948593255744,199.478267791854,185.001719156757,214.346104159442,183.26267669752,133.843301149591,188.771616320387,213.233471435213
2016-08-01,250.168909064383,227.871167652359,225.934089022929,150.939793521399,161.5809780877,201.710880866123,186.133954667478,215.625443346588,183.701460267563,133.607502015254,189.600549573317,213.728960209358
2016-09-01,251.46352352499,228.280276792157,226.846695297322,152.013579984007,162.417607826389,203.806768383228,187.657203025818,216.640782333739,183.778894225153,133.998914860668,190.532645432776,214.466747995777
2016-10-01,252.107855183729,230.362727139619,228.347517530324,152.449520100458,163.135818303188,205.911109562277,188.79964358282,218.013266508733,183.795519264638,134.048374125785,191.909813317572,215.18834553756
2016-11-01,253.277750640722,231.505616718878,230.314061706381,153.491529042884,164.143987179444,207.93062660247,190.827038847307,219.17600124634,184.999425874026,135.366398938923,193.770379321645,215.919854171081
2016-12-01,254.714327207745,233.898635303942,232.094977943484,154.426702553042,165.027602421337,210.470704857579,192.034354959721,220.641013504868,185.709953148981,136.810908886918,195.789268273547,217.089619659917
2017-01-01,256.263703978761,235.283533468024,233.912798813507,155.94853959469,165.903699381454,212.973639822737,193.571840921307,221.236486205807,187.027804131157,137.7896577112,197.36376174647,218.255918012106
2017-02-01,256.942807529089,236.981737598235,235.14355590094,157.013980757885,166.67652997566,215.84394299389,194.44723709842,222.024516126881,187.598940124785,138.127262106816,198.978601433248,218.974582440128
2017-03-01,258.290134114942,235.469335903299,235.707722261196,157.821093529444,167.300826339191,217.614133258681,194.749873938766,221.805400928426,188.563529083507,138.290591279909,199.751657212186,218.623802655956
2017-04-01,258.717575264438,235.747382285329,236.759793342926,159.088404547611,168.041960401219,219.962281221778,195.578709916387,222.351941023227,189.350825792174,138.189384897341,198.944065532463,218.514431256937
2017-05-01,260.254832017703,237.453939350794,238.096949854028,160.347640578626,168.612019771329,221.875874059583,196.528943746399,223.37007361542,189.82213602786,138.179607714294,199.344732808706,218.900453880911
2017-06-01,261.238645445573,239.060568371069,239.711793801544,161.451621475245,169.313939552346,224.254960823142,197.424448083466,224.246207755686,189.986009287022,138.182904269455,199.89763362565,219.421616759998
2017-07-01,264.185459864248,240.659281844726,240.83374897408,162.215569209508,169.804657455201,226.538171884024,198.564672124383,225.451042211028,190.816690835695,138.387786306833,201.929934182801,220.13079544608
2017-08-01,265.509404428963,242.017351089412,243.715432192834,163.896340668057,170.787097323993,228.727539891321,199.892408608584,226.095890877599,192.040655953912,138.665684229253,203.028937173374,220.484744154696
2017-09-01,267.151073741404,244.818044962346,245.57332695091,165.757271278039,172.19238155579,230.621944494191,201.261112269992,227.321996625695,193.461715031574,139.120924572635,204.556273037267,220.996652395653
2017-10-01,268.505816404429,248.416327356344,246.841622806502,167.973777733368,172.813238297074,232.628517518919,202.646293267625,227.587392472928,194.460354465732,139.29601007661,205.19176231771,221.81257041503
2017-11-01,271.071509679039,252.832112100006,247.634656769656,169.820497905406,173.352643272474,234.936062640656,204.343248601205,228.15139595295,195.242609090044,139.939529878422,205.697359040953,223.009363403005
2017-12-01,273.552617685016,255.820818621162,249.597223396509,171.669879318433,174.362126773179,237.684376432721,206.536654344901,228.548049806784,195.752179588912,140.191209688137,206.533706650431,223.14693146482
2018-01-01,275.251759077917,259.25583995466,251.475332446265,173.087665779133,175.632049377487,240.252518622437,208.369647479406,230.103285185475,196.592523733323,140.967375443368,207.949685209057,223.219224872843
2018-02-01,277.622456860136,260.418029032754,252.950863428802,175.248472658189,177.276004579565,242.880540882368,210.56814022509,232.052452646194,198.212002206247,141.462605012626,210.614476577273,223.951687097663
2018-03-01,278.534563555434,261.316342431818,253.376644363674,177.177647242114,178.617749414334,244.990238232763,211.022400481655,232.82067723556,197.856972191992,141.738010152288,210.61541957808,224.68179628421
2018-04-01,279.540227456343,260.910202637419,254.244067123014,179.121749611177,179.351604732065,247.928437795392,211.912863355004,233.290236535418,197.4234634639,141.747017863551,211.88068424756,225.040545918999
2018-05-01,279.434682129047,263.073669085453,254.590669404505,180.477105849966,180.503794801613,251.349717187578,212.844446612794,234.469461202695,197.627079867338,141.871959376041,212.809406661697,225.235417774984
2018-06-01,280.309734437069,264.579485935565,255.64990073278,182.325865788688,181.317001484346,252.698222986383,213.560479237456,235.753313807615,197.867993091326,141.857717448627,213.466214374642,225.544850947162
2018-07-01,280.917293079008,266.327921024291,255.567066233859,184.253996929229,182.298134137088,252.689592309062,214.486230753429,236.739084452706,197.986615181919,141.90041627753,213.705635613352,226.190944474446
2018-08-01,281.960917018252,267.27857987055,255.54522172825,186.506228482237,182.682172303249,250.936171813377,215.361380559838,237.225965904427,198.707937868722,142.551829396425,214.240720001943,226.751619203621
2018-09-01,282.08833706642,268.932629483108,255.377750154445,188.033361593151,184.349531209671,250.366912143577,216.275240147971,237.606888827691,199.446186803605,143.296351601681,214.952560343283,227.41327888534
2018-10-01,283.081937658236,268.257766954014,255.963408623992,189.517781060803,185.978242564953,250.218482049736,217.053044308957,238.252684415437,200.171868424407,143.801429472941,216.190544336359,228.163341175872
2018-11-01,282.810335623857,267.315238890705,255.889185037429,190.366413994229,187.464824873192,250.343782312268,217.442179005068,239.423123618508,200.713909807042,144.132506169841,217.063970561279,228.944650330689
2018-12-01,284.024504061465,265.090786188458,255.64573944799,191.323975019125,188.425870495212,250.273702238833,218.203814605081,240.412582252647,201.205900863507,144.143384203198,217.274207017198,229.305250969235
2019-01-01,282.926989972715,263.944543094887,255.261752383719,191.57349538646,189.081891490356,250.085577460318,219.037970121593,241.425922716297,201.596259427811,144.00469858787,217.4646095523,229.909388337555
2019-02-01,282.394648497594,263.531819210961,255.862128013334,192.34747094918,189.315750195809,249.448613561144,220.467441432187,242.26388520059,202.149033352107,144.257975780103,217.36548121394,230.399084472239
2019-03-01,281.830713710062,263.776042683136,255.987863383262,191.674150629381,189.584347326444,248.339231860914,219.673280587345,242.898918073143,200.886255995791,143.858791108094,218.379689643896,230.578552628966
2019-04-01,282.866765024074,264.951139069757,255.432758822652,191.757309801894,189.994305572877,247.382866213418,219.592602830829,242.508953699832,200.673375441319,144.165924612909,219.64601589671,230.859850095962
2019-05-01,284.146080446668,265.075876582916,256.880655202355,191.920228219346,190.454061150609,247.839605324417,219.958704450469,242.310173458115,200.678516716275,144.095640036658,219.943022299683,231.465063159024
2019-06-01,283.907422581786,266.166273114975,258.447340553205,192.104864427433,191.381261842676,249.189130824167,220.409275398943,242.126563863766,200.376652450474,144.332600232022,221.263058513778,231.990100939885
2019-07-01,283.88853659723,266.222055939741,260.42434558445,192.667880198622,192.556541073419,251.200430827832,220.911260316651,242.974334254061,200.185360740662,144.401307162515,221.828507907608,232.263254419661
2019-08-01,284.920083290721,267.025571692542,261.303905340409,192.455331743942,194.033917330839,253.00252353341,221.679303559297,243.940761899132,200.854481605674,144.657504598384,222.707674294189,232.922414353952
2019-09-01,287.020538596853,267.038767630673,262.762175128238,193.28639504811,195.373851613281,255.107699982047,222.955530823254,244.994839343129,201.474209493935,144.036621487591,222.593259923672,233.635604653211
2019-10-01,288.901072968362,267.720367754282,263.556895629338,193.859980171623,196.889270015659,256.909824303842,224.501448555372,246.204106704084,202.22683662645,144.148241174855,223.805827879595,234.961337484923
2019-11-01,290.805294250796,269.431588643592,266.421967421769,195.558661339995,198.659422201968,258.870497353632,225.747293844477,247.114137999277,202.435492861244,144.258886151223,225.565565302605,236.157787938265
2019-12-01,291.950417651344,271.482308395433,268.179382997318,196.518945103702,201.002738835689,260.989486507621,226.717486656999,248.139859872257,203.182595135885,145.121508828474,227.145237372025,237.17370527384
2020-01-01,292.890396395565,272.574998576857,269.110303049128,198.089497621526,202.591072147439,263.264154341491,227.599462503003,248.672450287798,203.635843796216,144.662386952076,227.509565879747,238.275044595265
2020-02-01,293.055361468886,273.238028271134,267.937902079565,199.525280209691,203.687309570385,264.524766330371,228.23471722568,250.62926657908,205.285660194925,145.274086367767,228.049558839014,238.923052216194
2020-03-01,293.483776874494,273.263839537364,268.506683904426,200.20081184467,205.102274486233,265.27597448937,227.680299346055,251.523356466826,204.80252718401,146.030391328109,228.773209336684,239.268884663241
2020-04-01,293.695835787879,271.423186251262,269.431348783718,200.698950435532,206.677731225349,264.917551030344,227.874232545578,252.16931880839,204.593449434823,146.062692390788,228.792253914686,238.778426801174
2020-05-01,293.393780187072,270.307973078034,269.486623007122,199.983473757533,207.220860173522,264.453459790903,228.081524000179,252.003735476082,204.054364066506,145.900820490566,228.870835480605,238.765847719056
2020-06-01,294.328148154059,269.94934503702,271.051703397007,198.360866166693,208.170575950871,265.459550247854,228.823506331013,251.340107103379,203.81628074861,145.03784251033,228.678403726132,239.524223293803
2020-07-01,298.740700769972,273.330113675214,274.596200639922,198.912695962443,209.974333139259,268.928727350024,230.335756488396,252.489838316041,204.599377233386,146.189311748265,231.446126743049,242.35643026264
2020-08-01,304.433026823034,278.54026013095,281.37790645632,201.321581828771,213.07506934557,274.833440238212,233.397134678838,255.225666997256,207.923112813792,148.351144083853,235.410570868768,246.10968367552
2020-09-01,309.345071962066,284.284321334108,288.051677675578,203.624463705348,217.749504396177,281.408345105665,236.541206870458,258.641849568858,211.701839891715,150.751754517585,240.049187742225,249.970956570222
2020-10-01,313.649234452178,289.891752812711,294.724764401485,206.458431112005,222.040850881836,287.309032047428,240.596534529103,262.961549847245,216.058198084001,152.680644973915,245.047756261242,253.883258402129
2020-11-01,317.685408652321,294.012874507369,299.770999945733,209.120947669374,226.308232132634,292.283990714679,244.416796971002,266.955737458757,220.665833847455,154.229942607317,249.393610595084,257.136049270274
2020-12-01,321.931354525523,296.984650385702,303.956661006764,212.421850178405,230.403524971284,296.993439506744,248.125605531615,271.273314027167,224.442698839783,155.688662645309,253.406121353433,260.269410135505
2021-01-01,325.318296424656,300.685713500187,308.38158700731,215.806295898899,235.236375280832,301.483483222002,251.144161334119,275.257485412832,227.95177293274,157.133397031105,256.722856496473,262.880528393696
2021-02-01,328.479459292176,303.337413313927,313.893427139114,218.428089219035,239.309725477032,306.404100296249,254.539228522221,278.861475005219,230.796639458857,157.85367012539,259.490453125839,264.981458941735
2021-03-01,332.543037607622,306.195097833028,319.668898800776,221.91589282105,246.272655930073,313.096926550471,258.53777281774,282.982263581316,232.53165684323,159.198945345219,262.862572479137,267.370627373563
2021-04-01,336.294407022215,311.569784247624,326.698017791374,225.772453224696,252.708426230952,319.261023263259,262.514785902921,288.223390194218,234.789602530792,160.596067071383,265.468756084726,270.433505474687
2021-05-01,342.241784489428,318.519049697045,334.688882568566,230.862044451317,260.304436726527,325.919935977984,267.305860375578,293.820945624492,237.502062866637,162.081334300905,268.059406821354,273.170021375962
2021-06-01,348.547694635887,328.196296960319,343.333650061536,237.382495054414,268.563785861233,331.886599174602,273.233535941038,301.581257688035,239.52399260333,163.571959407261,270.601082313267,276.205822755367
2021-07-01,355.192316842971,332.79994906142,350.723601452118,243.184331754431,277.648611676043,337.539528916465,279.060908716843,308.818187553827,242.058912184085,165.010267670433,274.400338407123,278.714853408315
2021-08-01,360.562641671155,337.747711966984,355.359585539747,248.789147253518,284.000300316733,341.836319438927,283.548021531458,315.918939730703,244.343067980156,166.696012077674,277.013592695975,281.008813504987
2021-09-01,366.46064485392,340.823142571179,360.670683644439,253.706940132968,289.763443381492,347.005603658835,286.867911005127,323.79269531932,246.495208941805,168.338547955213,280.550721356968,282.441257868896
2021-10-01,372.648901679882,344.165127784484,366.995671607957,258.948692148891,293.986327580757,352.843086854954,289.715943323588,330.833254823045,248.720388455378,170.046351855723,282.263429143349,283.664418713312
2021-11-01,378.865047443627,348.523412826894,374.049613349801,262.901153123468,299.474708420953,360.821407802914,293.860459046929,338.373975433054,251.412614359995,172.105487251356,283.360629124445,285.757132723562
2021-12-01,384.200640070078,353.998694231108,383.265798173177,266.790782538676,305.651411110626,368.732369405775,298.853378806257,345.743005392808,254.89157535403,174.623148510534,287.691125086984,288.473531062242
2022-01-01,390.553238963903,364.295005490923,392.936945215986,272.675292315922,312.341154183984,376.445005489758,303.887137209018,352.952127840324,258.064836368408,176.489192846175,291.150842872882,292.685874560842
2022-02-01,400.946492444342,372.547399601097,405.228343153855,278.804184170659,318.008515009725,387.891686185582,311.342829931572,362.166368275933,262.353434394084,178.76093500826,297.410311385249,296.813349041057
2022-03-01,409.246384540769,379.184947563242,413.576347184043,285.158536256678,325.913975826943,399.526479746506,319.574397419082,373.742509514176,265.484571378357,179.699272645098,301.63753125533,301.490302134577
2022-04-01,414.067911983714,381.668169141925,418.58678764581,289.829426699896,331.562790068693,402.262546915874,324.037548314405,383.97623037346,269.292021567556,181.338257809073,305.392630209657,304.388132255598
2022-05-01,416.775482910841,383.484813899671,418.690273708825,293.779330005317,337.317466285312,401.872136802549,326.023120152662,393.197844585877,272.438356593201,182.943203616306,309.516454533632,306.094809989931
2022-06-01,414.813296803839,379.952425021453,416.241826937538,296.552170640796,339.441410986256,395.17587549403,325.489020552108,400.435875960665,274.911927612777,184.816468838997,310.508355247951,305.857166885522
2022-07-01,410.100879175588,368.203891275406,408.230151593768,295.894814479668,339.295377717422,386.363053193041,322.235903923574,406.245606362476,275.346031759675,185.692901158544,310.640434772668,304.705012631469
2022-08-01,403.831780106614,356.516041586968,400.422143894574,292.106658021255,332.402327197767,375.384681221147,317.414340850943,405.69436511217,275.39323437935,185.367842372624,308.434027048464,301.907030182805
2022-09-01,399.389768838272,348.864132443424,395.185406359048,286.356034235723,326.425731941247,368.52162544489,313.630716434341,403.379881025424,274.281033780169,185.122763350274,305.338358478148,300.995470016996
2022-10-01,398.328792044887,346.556813957238,394.748982448257,283.314054034123,322.340892753576,368.676243883206,312.849248456126,400.391743322822,273.926248626649,185.196843989648,304.028918559539,300.950949034526
2022-11-01,396.623079757932,343.811854241659,392.717141532749,280.213662591881,318.516082451603,366.457121368497,312.171605838723,400.744986269522,274.148577188715,185.659172417971,303.367059035286,301.22221234211
2022-12-01,395.028553463108,339.83819605909,389.563774232167,276.443037454179,314.821309409525,362.32340359993,309.763740609618,400.667706405635,274.251130952631,184.992589909843,303.018552387201,301.305855192172
2023-01-01,394.793020462295,336.493594455882,387.87506657284,273.796052785435,312.339014558714,357.952634640336,307.404870092805,402.193680805676,274.70163924599,185.289423222125,303.684169021498,300.052606921801
2023-02-01,395.655011362368,334.614466008168,388.082351117967,271.496741866839,311.376339464831,354.392440244751,307.670589701462,401.780855964336,274.772364556095,185.480271327995,303.989410266615,300.265687402158
2023-03-01,396.947354480672,335.997300063225,391.004379116296,270.800418984948,311.047382819905,353.304803617226,308.233502509214,402.921198740914,276.41478651787,187.270808064536,304.149823940842,300.798960759306
2023-04-01,399.986442361461,338.448230498371,394.44104992246,270.686628923328,311.13552607748,354.765906353484,309.107385844445,403.845825758954,278.254816395716,188.751297749063,308.068013857054,302.697535610939
2023-05-01,403.093966415144,340.382498398137,399.662114203269,270.876297106555,311.243117421081,358.356399868164,309.735777032693,406.561619553817,281.577637409844,191.046302673437,309.658127121614,305.492147355715
2023-06-01,406.223015802517,342.35361681267,404.503589660996,272.04022573038,313.630456929392,362.437530036258,310.921543494527,409.895319024185,283.724005115282,192.346538930979,312.750903540116,307.478677651873
2023-07-01,410.911439629348,345.131871239238,410.611149808523,274.417508232662,316.806666628108,367.75038381981,312.880601855799,413.52722380421,286.350894551515,193.822089396263,314.29551976926,310.422412760989
2023-08-01,416.558130108318,347.774458599184,416.859874365513,277.705112747325,319.585860614081,372.530128109945,315.366742370869,418.685369598479,289.472903605819,194.509673781382,317.893456276846,312.366874353352
2023-09-01,420.498469115277,350.96505561466,421.192878757119,280.767982738638,322.649161962196,375.005395681892,316.940862160256,423.546116135012,292.56730473937,196.131430725109,321.472600316648,314.498636227385
2023-10-01,423.693151524194,352.689368888633,423.733246007893,283.924400011537,325.341459651956,376.840962687989,317.918940556283,427.254271576677,294.768655817421,197.824245998744,324.370557377843,315.22452547922
2023-11-01,426.179219925326,352.052775092254,425.15747434146,286.048009335979,326.213208641751,375.711243155446,317.091792291659,429.528104962778,296.191587584722,198.688500350909,325.304660583807,315.616207836348
2023-12-01,428.367181772033,351.532273995684,423.591562893933,288.194996422885,326.741053181183,376.406237645489,317.095637227736,431.769721162836,297.459198076421,200.015279020517,325.29284922661,317.144718908253
2024-01-01,428.826835573804,351.891408719088,431.685635116642,289.315923457065,326.567032210025,377.058411834738,315.888194935386,432.111347518837,298.171522919642,200.565865366018,325.216617922373,319.457725981194
2024-02-01,429.884392034361,351.93317408892,432.583625785272,291.324847966303,326.454048217041,379.555586020015,316.196172550204,433.749717118839,301.169280824108,202.637746051783,328.328080071865,321.902222365933
2024-03-01,431.935675533539,352.722500003059,434.090137775916,291.644377613336,326.210679784802,380.238922610409,314.834437157896,435.897564475422,303.298710294152,203.849266570843,330.454606966409,322.083693983779
2024-04-01,433.354793657333,353.860026856542,434.48694829843,292.811530601114,326.002297725018,381.365939132531,315.034226786291,436.955146506117,305.438517897808,205.370795348206,332.698320029869,322.381741648441
2024-05-01,436.564517234448,355.017964161813,435.659401104271,293.824236487677,324.890500687387,383.529236011152,315.922338993207,437.590728355615,308.662682861714,205.510882418992,331.814043856355,323.880543396999
2024-06-01,439.28576492718,357.741938331731,438.941985871963,294.880218804673,325.175175941552,386.416745681359,316.669198046538,438.061519639173,309.938808061138,206.003147852657,333.020592943094,325.931353127902
2024-07-01,439.845965067745,357.237139834927,439.452349360507,296.877900345617,325.892720910077,389.329394338934,316.831088017532,440.207868543378,311.704987026892,206.801264078586,334.377280851592,327.450126346597
2024-08-01,440.307426205408,357.779323293185,440.635954390147,297.834809504655,326.27411452586,391.451087692477,317.380328129079,439.653514344275,313.16686157389,208.396183158209,335.247856766713,329.40835007475
2024-09-01,439.942457688501,358.009544716851,441.51041975741,299.534002057561,328.701881948187,394.064877421253,317.572445352016,440.023576134784,315.23789555909,209.691569487019,335.856335308951,331.028661517044
2024-10-01,440.582100699991,358.070256116422,443.106902243115,300.705548339894,329.34489505918,394.986146793561,319.326306933109,440.899237009185,316.99434480649,210.165989437243,338.739066146385,332.97617738591
2024-11-01,442.528271917426,359.222777044605,444.368764082558,301.912418604003,331.28135399218,396.081527432137,319.905185072727,443.057594582349,318.625222336959,211.077926550096,342.152732681771,334.004444143988
2024-12-01,443.089040150732,361.520699102777,446.106690568157,303.883650331856,333.35569776814,397.268754603187,321.871224616223,445.940363707899,320.157711201867,213.195601144167,346.062528980565,334.907150592436
2025-01-01,445.974957066784,362.494175414762,445.646256521539,305.231031519674,335.175340850385,397.626254888899,321.700693442553,446.330074070322,322.650765862491,215.593963264562,346.589188398503,335.795960299921
2025-02-01,448.806470092727,362.408011496171,443.684053189341,305.461279659413,333.751337498978,398.161106459421,320.986038847459,446.005170516254,325.134265531102,216.61699028724,347.779955658579,336.509119254105
2025-03-01,449.417321694032,358.12475392187,440.461397885011,305.230137726172,332.180556411045,396.152152525106,319.095073344194,443.219509426063,328.214678856763,216.840264679568,345.94510431059,336.324937565922
2025-04-01,444.175080817247,354.288468446209,438.267721912229,304.879775022831,330.136862752013,393.165696128196,317.31914996324,443.129766711369,330.095026526838,217.426890226688,345.591686838427,335.930887218512
2025-05-01,440.78120110859,352.238165155196,436.42210516833,303.474549864784,327.91688419934,390.590527057103,315.813003884609,440.01853744775,332.015984556238,217.722237267491,347.030525978198,334.358360328006
2025-06-01,439.321581710166,350.248278218824,435.617887728206,302.028720258418,325.182627779018,389.918275157102,314.869297755005,437.274165585831,332.217241648226,218.363417242251,346.923075139406,332.930040763506
2025-07-01,440.380661444269,350.159172765927,436.054136171455,299.739121558736,323.01482215753,389.917005517845,314.764559188906,434.715059423275,331.865357327563,219.281326281869,347.874503019026,331.685110871878
2025-08-01,440.32138391586,352.479205777791,436.888682849516,298.483193858103,320.950058492478,390.909214434908,314.973012044915,432.542627237574,332.116943058487,220.50042916921,348.802599389817,332.362698781566
2025-09-01,441.490030192959,355.00949167494,437.554421238521,297.279236804206,322.235168869919,391.767799842489,315.397123681825,434.722276315888,332.220746299544,220.97637394487,349.705089796451,333.184083870829
2025-10-01,440.967193965219,358.973271812777,440.538909642069,298.816004690048,324.316899730553,393.292056493222,314.920536824406,436.381287159812,333.25816186052,222.133526037144,348.79358742762,334.339454664747
2025-11-01,444.608955013584,360.62126026927,446.051633533655,300.658277905014,326.760860639872,395.583498080518,315.861664390526,438.393284617735,335.701724814732,222.903119725332,348.328539835292,335.037373731927
2025-12-01,446.562282742311,361.238871285409,450.14356109323,301.127217305762,328.144587570604,396.731871122129,315.241038289883,439.263408930413,337.88115483063,224.513243697705,350.135769870644,335.481929371316
2026-01-01,446.725256279229,361.091380667653,448.519720278493,302.253533168188,329.645157592476,395.329765910712,315.11343185201,442.306832833718,339.466657754547,225.601882454255,351.794074724599,336.32418552328
2026-02-01,444.703402591125,361.169292130598,446.728817417548,302.114862284087,327.666659646691,390.183843600262,313.91549608634,445.805853552175,341.191810389839,227.471446734947,351.921175422683,336.196498557591
2026-03-01,442.028572590538,359.316930865174,444.293421741073,301.441263001186,326.658984781265,386.457702527158,312.91624485739,448.200177253981,341.981231335674,230.039955558933,354.406081279192,335.803903942417
2026-04-01,442.042054993454,358.896399267978,442.891260703519,299.833168038905,324.663684444997,384.398524697049,311.51460596883,447.976007755202,342.617837257333,231.540195975399,352.917921448165,336.500352925192
